Date,Open,High,Low,Close,Volume
2026-01-04 14:45:00,0.12,0.1207,0.1198,0.1205,470607.0
2026-01-04 15:00:00,0.1205,0.1208,0.1204,0.1207,257363.7
2026-01-04 15:15:00,0.1207,0.1208,0.1206,0.1207,299488.4
2026-01-04 15:30:00,0.1207,0.1209,0.1202,0.1205,170611.6
2026-01-04 15:45:00,0.1206,0.1215,0.1201,0.1213,1180552.8
2026-01-04 16:00:00,0.1214,0.1217,0.121,0.1216,680892.8
2026-01-04 16:15:00,0.1216,0.1223,0.1215,0.1221,321720.3
2026-01-04 16:30:00,0.122,0.1227,0.1219,0.1225,502991.4
2026-01-04 16:45:00,0.1225,0.1232,0.1225,0.123,849273.7
2026-01-04 17:00:00,0.123,0.123,0.1224,0.1225,370650.4
2026-01-04 17:15:00,0.1225,0.123,0.1225,0.1226,395630.6
2026-01-04 17:30:00,0.1226,0.1231,0.1224,0.1225,528461.4
2026-01-04 17:45:00,0.1225,0.123,0.1225,0.1228,390700.2
2026-01-04 18:00:00,0.1228,0.123,0.1225,0.1226,184165.4
2026-01-04 18:15:00,0.1225,0.1226,0.1216,0.1217,514195.4
2026-01-04 18:30:00,0.1217,0.1217,0.1208,0.1212,943630.9
2026-01-04 18:45:00,0.1212,0.1214,0.1208,0.1214,333367.8
2026-01-04 19:00:00,0.1213,0.1213,0.1196,0.1198,1287966.2
2026-01-04 19:15:00,0.1199,0.1205,0.1198,0.1201,248386.9
2026-01-04 19:30:00,0.1201,0.1205,0.12,0.1201,268867.6
2026-01-04 19:45:00,0.1201,0.1206,0.12,0.1205,191959.4
2026-01-04 20:00:00,0.1206,0.1212,0.1204,0.1212,157656.5
2026-01-04 20:15:00,0.1211,0.1213,0.1209,0.1212,136419.5
2026-01-04 20:30:00,0.1211,0.1212,0.1209,0.1211,110125.5
2026-01-04 20:45:00,0.1211,0.1216,0.121,0.1215,337790.4
2026-01-04 21:00:00,0.1215,0.1221,0.1212,0.1218,620065.1
2026-01-04 21:15:00,0.1217,0.122,0.1216,0.1217,467231.4
2026-01-04 21:30:00,0.1216,0.1216,0.1207,0.1208,224835.8
2026-01-04 21:45:00,0.1207,0.1211,0.1206,0.121,261046.0
2026-01-04 22:00:00,0.121,0.1217,0.1208,0.121,492571.3
2026-01-04 22:15:00,0.121,0.1214,0.1208,0.1213,220489.7
2026-01-04 22:30:00,0.1214,0.1214,0.1211,0.1214,439150.3
2026-01-04 22:45:00,0.1213,0.1218,0.1213,0.1217,251019.1
2026-01-04 23:00:00,0.1217,0.1226,0.1217,0.1218,618858.6
2026-01-04 23:15:00,0.1218,0.1223,0.1216,0.1218,359534.7
2026-01-04 23:30:00,0.1218,0.1223,0.1215,0.1216,199258.6
2026-01-04 23:45:00,0.1215,0.1217,0.1211,0.1217,503083.6
2026-01-05 00:00:00,0.1216,0.1225,0.1214,0.1218,1765210.8
2026-01-05 00:15:00,0.1219,0.1221,0.1209,0.1212,685919.0
2026-01-05 00:30:00,0.1212,0.1217,0.1209,0.1216,544758.2
2026-01-05 00:45:00,0.1216,0.1224,0.1215,0.1218,624141.3
2026-01-05 01:00:00,0.1219,0.1235,0.1216,0.123,2515815.8
2026-01-05 01:15:00,0.1231,0.1232,0.1227,0.123,759736.9
2026-01-05 01:30:00,0.123,0.1241,0.1228,0.1237,1305543.2
2026-01-05 01:45:00,0.1237,0.1241,0.1234,0.1235,321515.8
2026-01-05 02:00:00,0.1236,0.1241,0.1229,0.123,607703.0
2026-01-05 02:15:00,0.1231,0.1234,0.1224,0.1226,501992.0
2026-01-05 02:30:00,0.1226,0.1232,0.1225,0.1231,309750.6
2026-01-05 02:45:00,0.1231,0.1234,0.123,0.123,193949.5
2026-01-05 03:00:00,0.1231,0.1232,0.1227,0.1228,371776.3
2026-01-05 03:15:00,0.1228,0.1229,0.1222,0.1225,259302.5
2026-01-05 03:30:00,0.1224,0.123,0.1224,0.1225,339006.0
2026-01-05 03:45:00,0.1226,0.1231,0.1225,0.1228,219438.6
2026-01-05 04:00:00,0.1227,0.1229,0.1218,0.1219,604253.5
2026-01-05 04:15:00,0.1219,0.1221,0.1207,0.1208,1827447.9
2026-01-05 04:30:00,0.1208,0.121,0.1202,0.1204,912796.0
2026-01-05 04:45:00,0.1204,0.1207,0.1203,0.1206,518019.3
2026-01-05 05:00:00,0.1205,0.1205,0.1201,0.1203,945470.8
2026-01-05 05:15:00,0.1204,0.1211,0.1203,0.1209,352439.8
2026-01-05 05:30:00,0.1209,0.1212,0.1208,0.1209,664710.1
2026-01-05 05:45:00,0.1209,0.121,0.1201,0.1202,1200565.8
2026-01-05 06:00:00,0.1201,0.1207,0.1201,0.1206,855153.6
2026-01-05 06:15:00,0.1205,0.1206,0.1196,0.1196,1020378.9
2026-01-05 06:30:00,0.1196,0.1201,0.1191,0.1199,989559.8
2026-01-05 06:45:00,0.1199,0.1204,0.1199,0.1203,385496.8
2026-01-05 07:00:00,0.1203,0.1203,0.1198,0.1203,433765.3
2026-01-05 07:15:00,0.1204,0.1209,0.1203,0.1209,345804.0
2026-01-05 07:30:00,0.1208,0.1212,0.1208,0.1212,345434.7
2026-01-05 07:45:00,0.1211,0.1212,0.1209,0.1209,137564.2
2026-01-05 08:00:00,0.1209,0.1213,0.1208,0.1213,264430.6
2026-01-05 08:15:00,0.1213,0.1214,0.1209,0.1209,337987.6
2026-01-05 08:30:00,0.121,0.1211,0.1202,0.1204,411564.4
2026-01-05 08:45:00,0.1204,0.1208,0.1204,0.1205,225455.6
2026-01-05 09:00:00,0.1204,0.1205,0.1194,0.1198,797630.5
2026-01-05 09:15:00,0.1197,0.1201,0.1197,0.12,277601.0
2026-01-05 09:30:00,0.1201,0.1205,0.1198,0.1204,513122.4
2026-01-05 09:45:00,0.1204,0.1206,0.1196,0.1198,464751.6
2026-01-05 10:00:00,0.1197,0.1207,0.1197,0.1206,313618.4
2026-01-05 10:15:00,0.1206,0.1206,0.1202,0.1204,316303.4
2026-01-05 10:30:00,0.1204,0.1204,0.1193,0.1199,534880.5
2026-01-05 10:45:00,0.1199,0.1202,0.1199,0.1199,366343.9
2026-01-05 11:00:00,0.1199,0.1199,0.1191,0.1192,288976.5
2026-01-05 11:15:00,0.1191,0.1197,0.119,0.1195,502090.3
2026-01-05 11:30:00,0.1195,0.1203,0.1193,0.1201,1118539.0
2026-01-05 11:45:00,0.1201,0.121,0.1201,0.1209,641729.8
2026-01-05 12:00:00,0.1209,0.121,0.1205,0.1207,708094.9
2026-01-05 12:15:00,0.1206,0.1207,0.1197,0.1201,366205.1
2026-01-05 12:30:00,0.12,0.1205,0.12,0.1205,250147.8
2026-01-05 12:45:00,0.1205,0.1212,0.1205,0.121,525331.9
2026-01-05 13:00:00,0.121,0.1216,0.1208,0.1215,484685.9
2026-01-05 13:15:00,0.1214,0.1219,0.121,0.1214,786288.1
2026-01-05 13:30:00,0.1213,0.1215,0.1206,0.121,905023.9
2026-01-05 13:45:00,0.1208,0.1212,0.1205,0.1208,386227.5
2026-01-05 14:00:00,0.1209,0.1211,0.1204,0.1211,744889.0
2026-01-05 14:15:00,0.1211,0.1217,0.121,0.1217,351800.4
2026-01-05 14:30:00,0.1217,0.1227,0.121,0.1225,898920.2
2026-01-05 14:45:00,0.1224,0.1229,0.1216,0.1223,951040.4
2026-01-05 15:00:00,0.1224,0.1227,0.1214,0.1219,1095700.8
2026-01-05 15:15:00,0.1219,0.1224,0.1215,0.1218,581490.0
2026-01-05 15:30:00,0.1218,0.1233,0.1217,0.1226,1009078.3
2026-01-05 15:45:00,0.1227,0.1233,0.1224,0.1233,580646.5
2026-01-05 16:00:00,0.1233,0.1235,0.1227,0.1234,435681.8
2026-01-05 16:15:00,0.1234,0.1237,0.1228,0.1234,578722.9
2026-01-05 16:30:00,0.1234,0.1238,0.123,0.1233,1235996.1
2026-01-05 16:45:00,0.1233,0.1236,0.123,0.1234,282033.1
2026-01-05 17:00:00,0.1234,0.1239,0.1234,0.1237,225596.6
2026-01-05 17:15:00,0.1236,0.1238,0.1225,0.1229,600794.6
2026-01-05 17:30:00,0.1229,0.1244,0.1229,0.1244,554748.4
2026-01-05 17:45:00,0.1244,0.1254,0.1244,0.1251,1568503.9
2026-01-05 18:00:00,0.1251,0.1251,0.1241,0.1245,705918.4
2026-01-05 18:15:00,0.1245,0.1247,0.124,0.1246,1093851.3
2026-01-05 18:30:00,0.1246,0.1247,0.1242,0.1247,491992.2
2026-01-05 18:45:00,0.1246,0.1254,0.1246,0.1252,527738.5
2026-01-05 19:00:00,0.1251,0.1254,0.1248,0.1252,206771.9
2026-01-05 19:15:00,0.1251,0.1252,0.1246,0.1249,346683.7
2026-01-05 19:30:00,0.1248,0.1253,0.1244,0.1244,340971.5
2026-01-05 19:45:00,0.1244,0.1246,0.1241,0.1246,159581.7
2026-01-05 20:00:00,0.1245,0.1251,0.1243,0.125,994865.5
2026-01-05 20:15:00,0.125,0.1256,0.1248,0.1253,357775.6
2026-01-05 20:30:00,0.1253,0.1253,0.1245,0.1249,1051471.5
2026-01-05 20:45:00,0.1249,0.125,0.1241,0.1246,858361.5
2026-01-05 21:00:00,0.1246,0.1251,0.1245,0.1246,522541.0
2026-01-05 21:15:00,0.1246,0.125,0.1242,0.1242,1370483.2
2026-01-05 21:30:00,0.1243,0.1246,0.1241,0.1246,292770.1
2026-01-05 21:45:00,0.1246,0.1249,0.1244,0.1249,483973.2
2026-01-05 22:00:00,0.1249,0.1254,0.1247,0.1252,556438.1
2026-01-05 22:15:00,0.1252,0.1259,0.1252,0.1257,660125.6
2026-01-05 22:30:00,0.1258,0.1262,0.1257,0.1261,542649.3
2026-01-05 22:45:00,0.1261,0.1263,0.1252,0.1257,607093.4
2026-01-05 23:00:00,0.1256,0.1257,0.1252,0.1253,424461.1
2026-01-05 23:15:00,0.1254,0.1257,0.125,0.1254,724528.1
2026-01-05 23:30:00,0.1255,0.1256,0.1251,0.1254,393062.6
2026-01-05 23:45:00,0.1254,0.1254,0.125,0.125,171290.0
2026-01-06 00:00:00,0.125,0.1256,0.1248,0.1255,1364917.0
2026-01-06 00:15:00,0.1255,0.1256,0.1251,0.1251,1388508.3
2026-01-06 00:30:00,0.1251,0.1251,0.124,0.1243,697999.9
2026-01-06 00:45:00,0.1243,0.1252,0.1242,0.1252,762971.6
2026-01-06 01:00:00,0.1252,0.1258,0.125,0.1254,1226201.2
2026-01-06 01:15:00,0.1253,0.1259,0.1252,0.1259,354320.2
2026-01-06 01:30:00,0.1259,0.126,0.1253,0.1253,349732.4
2026-01-06 01:45:00,0.1254,0.1255,0.1249,0.125,516741.5
2026-01-06 02:00:00,0.125,0.1255,0.1249,0.1253,478988.5
2026-01-06 02:15:00,0.1252,0.1258,0.1251,0.1256,468294.4
2026-01-06 02:30:00,0.1256,0.1257,0.1252,0.1255,489464.5
2026-01-06 02:45:00,0.1255,0.1256,0.1252,0.1255,280466.5
2026-01-06 03:00:00,0.1255,0.1261,0.1254,0.126,455678.3
2026-01-06 03:15:00,0.126,0.1263,0.1259,0.1261,311552.5
2026-01-06 03:30:00,0.1262,0.1268,0.1261,0.1265,1542276.7
2026-01-06 03:45:00,0.1265,0.1267,0.1263,0.1267,261715.9
2026-01-06 04:00:00,0.1267,0.127,0.1264,0.1266,409165.9
2026-01-06 04:15:00,0.1266,0.127,0.1265,0.1269,775218.8
2026-01-06 04:30:00,0.1269,0.1272,0.1264,0.1267,1199804.2
2026-01-06 04:45:00,0.1266,0.1269,0.1266,0.1268,535404.1
2026-01-06 05:00:00,0.1268,0.1271,0.1267,0.127,440984.5
2026-01-06 05:15:00,0.1271,0.1273,0.1266,0.1269,412379.1
2026-01-06 05:30:00,0.1268,0.1272,0.1268,0.1269,754423.6
2026-01-06 05:45:00,0.127,0.1273,0.1268,0.1271,496717.9
2026-01-06 06:00:00,0.1271,0.1272,0.1265,0.1265,886431.7
2026-01-06 06:15:00,0.1266,0.1267,0.126,0.1264,1231437.8
2026-01-06 06:30:00,0.1264,0.1272,0.1263,0.1272,934266.3
2026-01-06 06:45:00,0.1271,0.1273,0.1267,0.1269,571292.9
2026-01-06 07:00:00,0.1269,0.1269,0.1266,0.1267,315998.5
2026-01-06 07:15:00,0.1267,0.1269,0.1262,0.1263,735311.6
2026-01-06 07:30:00,0.1262,0.1264,0.1257,0.1262,1084609.8
2026-01-06 07:45:00,0.1262,0.1263,0.1253,0.1257,1195851.7
2026-01-06 08:00:00,0.1257,0.127,0.1256,0.1263,992635.3
2026-01-06 08:15:00,0.1263,0.1264,0.1258,0.1259,561976.2
2026-01-06 08:30:00,0.1258,0.126,0.1254,0.1256,454767.2
2026-01-06 08:45:00,0.1256,0.1259,0.1253,0.1258,482936.4
2026-01-06 09:00:00,0.1258,0.1262,0.1256,0.1257,1012473.4
2026-01-06 09:15:00,0.1257,0.1262,0.1257,0.1259,724989.2
2026-01-06 09:30:00,0.1259,0.1262,0.1258,0.1261,335335.6
2026-01-06 09:45:00,0.126,0.1261,0.1257,0.1261,444115.8
2026-01-06 10:00:00,0.126,0.1263,0.1257,0.1261,402392.7
2026-01-06 10:15:00,0.1261,0.1262,0.1258,0.1261,295526.0
2026-01-06 10:30:00,0.1262,0.1262,0.126,0.1261,371098.7
2026-01-06 10:45:00,0.1262,0.1264,0.126,0.1262,267374.2
2026-01-06 11:00:00,0.1262,0.1266,0.1259,0.1264,238955.5
2026-01-06 11:15:00,0.1264,0.1268,0.1263,0.1266,348093.9
2026-01-06 11:30:00,0.1266,0.1268,0.1264,0.1268,388143.0
2026-01-06 11:45:00,0.1268,0.1269,0.1265,0.1268,365199.6
2026-01-06 12:00:00,0.1268,0.1273,0.1266,0.1271,498434.6
2026-01-06 12:15:00,0.1271,0.1277,0.1271,0.1275,842051.9
2026-01-06 12:30:00,0.1275,0.1276,0.1274,0.1276,327838.0
2026-01-06 12:45:00,0.1276,0.1278,0.1275,0.1276,526303.2
2026-01-06 13:00:00,0.1277,0.1277,0.1272,0.1277,432509.2
2026-01-06 13:15:00,0.1278,0.1278,0.1273,0.1277,255344.9
2026-01-06 13:30:00,0.1278,0.1283,0.1277,0.1281,461565.2
2026-01-06 13:45:00,0.128,0.1286,0.1278,0.1285,502546.5
2026-01-06 14:00:00,0.1284,0.1302,0.1283,0.1299,1453144.3
2026-01-06 14:15:00,0.13,0.1316,0.1299,0.1315,1471917.0
2026-01-06 14:30:00,0.1315,0.1325,0.1314,0.1316,3486934.0
2026-01-06 14:45:00,0.1317,0.1322,0.1304,0.1316,5023045.8
2026-01-06 15:00:00,0.1317,0.1326,0.1314,0.1322,2696319.9
2026-01-06 15:15:00,0.1322,0.1335,0.1321,0.1334,1160296.7
2026-01-06 15:30:00,0.1334,0.1336,0.1303,0.1309,3235803.3
2026-01-06 15:45:00,0.1309,0.131,0.1296,0.1306,1228023.7
2026-01-06 16:00:00,0.1306,0.1324,0.13,0.1324,7111855.2
2026-01-06 16:15:00,0.1324,0.1332,0.1296,0.1298,3899496.2
2026-01-06 16:30:00,0.1299,0.1307,0.1287,0.1291,2576401.5
2026-01-06 16:45:00,0.129,0.1291,0.1279,0.1282,1620714.0
2026-01-06 17:00:00,0.1282,0.1282,0.127,0.1274,1488332.9
2026-01-06 17:15:00,0.1275,0.1275,0.1266,0.127,564857.6
2026-01-06 17:30:00,0.127,0.1276,0.1261,0.1262,1080061.9
2026-01-06 17:45:00,0.1261,0.1262,0.1243,0.1249,5055521.4
2026-01-06 18:00:00,0.1248,0.1259,0.1243,0.1255,1999098.0
2026-01-06 18:15:00,0.1255,0.1259,0.1252,0.1256,827680.5
2026-01-06 18:30:00,0.1257,0.1261,0.1255,0.1257,1077801.9
2026-01-06 18:45:00,0.1256,0.1261,0.1256,0.1258,557160.0
2026-01-06 19:00:00,0.1257,0.1259,0.1252,0.1257,635180.3
2026-01-06 19:15:00,0.1258,0.1258,0.1253,0.1255,440371.9
2026-01-06 19:30:00,0.1256,0.1259,0.1252,0.1253,655596.0
2026-01-06 19:45:00,0.1253,0.1255,0.1251,0.1255,275581.8
2026-01-06 20:00:00,0.1254,0.1265,0.1254,0.1264,656397.6
2026-01-06 20:15:00,0.1265,0.1273,0.1265,0.1271,607888.8
2026-01-06 20:30:00,0.1271,0.1281,0.127,0.1278,900564.4
2026-01-06 20:45:00,0.1278,0.128,0.1275,0.1278,188407.3
2026-01-06 21:00:00,0.1277,0.1278,0.1265,0.1275,1350534.1
2026-01-06 21:15:00,0.1274,0.1292,0.127,0.1285,1880098.8
2026-01-06 21:30:00,0.1286,0.1294,0.1285,0.1287,625277.3
2026-01-06 21:45:00,0.1287,0.1288,0.1282,0.1287,509235.8
2026-01-06 22:00:00,0.1287,0.1291,0.128,0.128,726639.7
2026-01-06 22:15:00,0.1281,0.1285,0.1274,0.1276,592129.8
2026-01-06 22:30:00,0.1277,0.1277,0.1271,0.1274,299959.1
2026-01-06 22:45:00,0.1273,0.1279,0.1273,0.1276,195638.1
2026-01-06 23:00:00,0.1276,0.1281,0.1275,0.1279,164397.5
2026-01-06 23:15:00,0.1279,0.1281,0.1275,0.1278,101228.6
2026-01-06 23:30:00,0.1278,0.1284,0.1277,0.1283,474072.8
2026-01-06 23:45:00,0.1282,0.1285,0.1281,0.1282,525847.2
2026-01-07 00:00:00,0.1282,0.1285,0.1277,0.1279,396694.8
2026-01-07 00:15:00,0.1278,0.1281,0.1275,0.1275,174026.0
2026-01-07 00:30:00,0.1275,0.1276,0.1264,0.1267,526819.4
2026-01-07 00:45:00,0.1267,0.1268,0.1259,0.126,779052.9
2026-01-07 01:00:00,0.126,0.1266,0.1259,0.1262,1444916.4
2026-01-07 01:15:00,0.1263,0.1265,0.1257,0.1261,2270406.4
2026-01-07 01:30:00,0.1261,0.1261,0.1257,0.1258,414156.8
2026-01-07 01:45:00,0.1257,0.126,0.1255,0.1259,664033.4
2026-01-07 02:00:00,0.1258,0.1264,0.1255,0.1261,1205036.3
2026-01-07 02:15:00,0.126,0.1261,0.1257,0.1259,486708.4
2026-01-07 02:30:00,0.1258,0.1263,0.1256,0.1262,1171464.1
2026-01-07 02:45:00,0.1262,0.1265,0.126,0.1263,603938.3
2026-01-07 03:00:00,0.1262,0.1265,0.1261,0.1265,324840.0
2026-01-07 03:15:00,0.1264,0.1273,0.1263,0.1271,294879.2
2026-01-07 03:30:00,0.1271,0.1272,0.1264,0.1264,255926.5
2026-01-07 03:45:00,0.1264,0.1265,0.1262,0.1264,243207.7
2026-01-07 04:00:00,0.1264,0.1266,0.1262,0.1264,242478.2
2026-01-07 04:15:00,0.1263,0.1266,0.1262,0.1264,101982.1
2026-01-07 04:30:00,0.1264,0.1267,0.1262,0.1267,379695.8
2026-01-07 04:45:00,0.1267,0.1267,0.1261,0.1261,193407.7
2026-01-07 05:00:00,0.1262,0.1263,0.126,0.1263,264438.9
2026-01-07 05:15:00,0.1263,0.1265,0.126,0.1261,319257.0
2026-01-07 05:30:00,0.1261,0.1271,0.1261,0.1269,880954.5
2026-01-07 05:45:00,0.1268,0.1268,0.1263,0.1263,315131.9
2026-01-07 06:00:00,0.1264,0.1266,0.1263,0.1264,557171.8
2026-01-07 06:15:00,0.1263,0.1268,0.1262,0.1268,714218.6
2026-01-07 06:30:00,0.1267,0.1269,0.1264,0.1264,245225.9
2026-01-07 06:45:00,0.1265,0.1268,0.1264,0.1267,219186.6
2026-01-07 07:00:00,0.1267,0.1275,0.1267,0.1275,240198.0
2026-01-07 07:15:00,0.1275,0.1283,0.1275,0.1282,380597.1
2026-01-07 07:30:00,0.1282,0.1289,0.1282,0.1286,314759.2
2026-01-07 07:45:00,0.1287,0.1289,0.1285,0.1289,186531.1
2026-01-07 08:00:00,0.1289,0.1293,0.1288,0.1291,305290.4
2026-01-07 08:15:00,0.1291,0.1298,0.1291,0.1293,360336.0
2026-01-07 08:30:00,0.1294,0.1299,0.129,0.1299,740744.1
2026-01-07 08:45:00,0.1299,0.1309,0.1298,0.1306,730245.1
2026-01-07 09:00:00,0.1306,0.1307,0.1293,0.1293,860935.8
2026-01-07 09:15:00,0.1293,0.1297,0.1283,0.1283,927027.6
2026-01-07 09:30:00,0.1284,0.1286,0.1272,0.1274,587213.6
2026-01-07 09:45:00,0.1274,0.1275,0.1268,0.127,703470.6
2026-01-07 10:00:00,0.127,0.1278,0.1268,0.1276,896397.3
2026-01-07 10:15:00,0.1276,0.1276,0.127,0.1271,624220.4
2026-01-07 10:30:00,0.1271,0.1277,0.127,0.1275,527791.9
2026-01-07 10:45:00,0.1274,0.1278,0.1272,0.1273,211338.9
2026-01-07 11:00:00,0.1272,0.1282,0.1271,0.1282,335733.1
2026-01-07 11:15:00,0.1282,0.1285,0.1281,0.1282,313792.9
2026-01-07 11:30:00,0.1282,0.1288,0.128,0.1286,253942.0
2026-01-07 11:45:00,0.1287,0.1291,0.1283,0.129,409823.3
2026-01-07 12:00:00,0.1289,0.1291,0.128,0.1282,769298.3
2026-01-07 12:15:00,0.1282,0.1286,0.1277,0.1279,568605.2
2026-01-07 12:30:00,0.128,0.1281,0.1275,0.128,300231.0
2026-01-07 12:45:00,0.1281,0.1292,0.128,0.1284,1330262.7
2026-01-07 13:00:00,0.1285,0.1291,0.1278,0.128,612702.3
2026-01-07 13:15:00,0.128,0.1286,0.1279,0.1282,578676.1
2026-01-07 13:30:00,0.1282,0.1282,0.1274,0.1276,337669.5
2026-01-07 13:45:00,0.1277,0.1278,0.1262,0.1264,1357878.8
2026-01-07 14:00:00,0.1265,0.1266,0.1257,0.126,1638189.3
2026-01-07 14:15:00,0.1261,0.1262,0.1256,0.1257,561709.0
2026-01-07 14:30:00,0.1257,0.1267,0.1252,0.1263,3591062.0
2026-01-07 14:45:00,0.1263,0.1266,0.1261,0.1264,768842.2
2026-01-07 15:00:00,0.1264,0.1264,0.1254,0.1258,3059407.3
2026-01-07 15:15:00,0.1257,0.1264,0.1248,0.1261,4403873.7
2026-01-07 15:30:00,0.1262,0.1263,0.1255,0.1257,2020289.7
2026-01-07 15:45:00,0.1257,0.126,0.1255,0.1259,766714.6
2026-01-07 16:00:00,0.1259,0.1271,0.1259,0.127,949096.1
2026-01-07 16:15:00,0.127,0.1277,0.1269,0.1274,924526.5
2026-01-07 16:30:00,0.1275,0.1275,0.1261,0.1271,908768.3
2026-01-07 16:45:00,0.1272,0.1274,0.1264,0.1267,390222.6
2026-01-07 17:00:00,0.1268,0.1275,0.1266,0.1272,1009409.9
2026-01-07 17:15:00,0.1271,0.1288,0.1271,0.1284,1416637.6
2026-01-07 17:30:00,0.1284,0.1285,0.1277,0.1278,421782.5
2026-01-07 17:45:00,0.1279,0.1279,0.1267,0.1269,1131205.0
2026-01-07 18:00:00,0.1269,0.1271,0.1267,0.1267,467769.1
2026-01-07 18:15:00,0.1266,0.127,0.126,0.1269,1181770.6
2026-01-07 18:30:00,0.1269,0.1275,0.1249,0.1259,3762987.5
2026-01-07 18:45:00,0.1259,0.1261,0.1256,0.1259,1564550.5
2026-01-07 19:00:00,0.1259,0.1262,0.1254,0.1255,721828.1
2026-01-07 19:15:00,0.1255,0.126,0.1253,0.1259,1040356.4
2026-01-07 19:30:00,0.1259,0.1262,0.1257,0.1259,1193046.9
2026-01-07 19:45:00,0.126,0.1265,0.1258,0.1262,1357535.6
2026-01-07 20:00:00,0.1262,0.1268,0.1258,0.1259,1068670.9
2026-01-07 20:15:00,0.126,0.1262,0.1258,0.1261,566733.6
2026-01-07 20:30:00,0.1262,0.1266,0.1261,0.1265,384356.6
2026-01-07 20:45:00,0.1264,0.1266,0.1262,0.1266,274363.4
2026-01-07 21:00:00,0.1266,0.1268,0.1264,0.1266,218313.8
2026-01-07 21:15:00,0.1266,0.1275,0.1265,0.1275,504719.0
2026-01-07 21:30:00,0.1275,0.1281,0.1274,0.1277,730976.6
2026-01-07 21:45:00,0.1277,0.1281,0.1275,0.1279,443187.5
2026-01-07 22:00:00,0.1279,0.1284,0.1275,0.1281,543107.8
2026-01-07 22:15:00,0.128,0.1295,0.128,0.1291,839964.5
2026-01-07 22:30:00,0.129,0.1297,0.1281,0.1284,629406.4
2026-01-07 22:45:00,0.1283,0.1285,0.1278,0.1283,583177.8
2026-01-07 23:00:00,0.1284,0.1284,0.1276,0.1281,610052.1
2026-01-07 23:15:00,0.1282,0.1294,0.1282,0.1286,908575.9
2026-01-07 23:30:00,0.1287,0.1292,0.128,0.128,476623.1
2026-01-07 23:45:00,0.128,0.1283,0.1277,0.1282,223588.7
2026-01-08 00:00:00,0.1282,0.1292,0.1281,0.1287,762537.8
2026-01-08 00:15:00,0.1288,0.1288,0.1276,0.1288,1434862.3
2026-01-08 00:30:00,0.1288,0.1292,0.1286,0.1291,482244.3
2026-01-08 00:45:00,0.1291,0.1298,0.1291,0.1295,650291.1
2026-01-08 01:00:00,0.1296,0.13,0.1295,0.1299,594928.3
2026-01-08 01:15:00,0.1299,0.1301,0.1295,0.1299,1562261.9
2026-01-08 01:30:00,0.1298,0.1298,0.129,0.1292,327982.8
2026-01-08 01:45:00,0.1291,0.1299,0.1289,0.1297,339367.4
2026-01-08 02:00:00,0.1297,0.1299,0.1292,0.1296,849628.9
2026-01-08 02:15:00,0.1295,0.1298,0.1287,0.1291,519332.5
2026-01-08 02:30:00,0.1292,0.1292,0.1283,0.1289,334383.1
2026-01-08 02:45:00,0.129,0.1291,0.1287,0.129,578883.7
2026-01-08 03:00:00,0.1289,0.1303,0.1288,0.1299,837625.2
2026-01-08 03:15:00,0.1299,0.13,0.1293,0.1295,426037.0
2026-01-08 03:30:00,0.1294,0.1296,0.1282,0.1285,493153.7
2026-01-08 03:45:00,0.1286,0.1287,0.1277,0.1277,396724.3
2026-01-08 04:00:00,0.1278,0.1284,0.1276,0.1278,361029.0
2026-01-08 04:15:00,0.1279,0.1293,0.1277,0.1293,453172.1
2026-01-08 04:30:00,0.1293,0.1297,0.1292,0.1293,409610.1
2026-01-08 04:45:00,0.1293,0.1294,0.1286,0.1287,307041.3
2026-01-08 05:00:00,0.1287,0.13,0.1286,0.1295,669395.2
2026-01-08 05:15:00,0.1295,0.13,0.1292,0.1298,302050.1
2026-01-08 05:30:00,0.1298,0.1302,0.1294,0.1294,545002.3
2026-01-08 05:45:00,0.1295,0.1296,0.1287,0.1288,308015.3
2026-01-08 06:00:00,0.1289,0.1291,0.1277,0.1278,897905.7
2026-01-08 06:15:00,0.1278,0.1279,0.1268,0.1269,1444728.7
2026-01-08 06:30:00,0.1269,0.1276,0.1267,0.1267,911334.1
2026-01-08 06:45:00,0.1267,0.1268,0.1253,0.1253,816508.8
2026-01-08 07:00:00,0.1253,0.1261,0.1244,0.126,1787258.2
2026-01-08 07:15:00,0.1259,0.1267,0.1258,0.1265,731711.8
2026-01-08 07:30:00,0.1266,0.1273,0.1266,0.1268,498291.5
2026-01-08 07:45:00,0.1269,0.1273,0.1269,0.127,183401.7
2026-01-08 08:00:00,0.1271,0.1274,0.1268,0.1273,368171.0
2026-01-08 08:15:00,0.1273,0.1276,0.1271,0.1276,309758.2
2026-01-08 08:30:00,0.1276,0.1279,0.1272,0.1275,448314.3
2026-01-08 08:45:00,0.1275,0.1276,0.1265,0.1271,477759.7
2026-01-08 09:00:00,0.1271,0.1281,0.1271,0.1277,860594.1
2026-01-08 09:15:00,0.1277,0.1277,0.1264,0.1267,386000.4
2026-01-08 09:30:00,0.1267,0.1269,0.1264,0.1268,179198.8
2026-01-08 09:45:00,0.1268,0.1275,0.1267,0.1268,309465.0
2026-01-08 10:00:00,0.1267,0.1274,0.1261,0.1274,587249.3
2026-01-08 10:15:00,0.1273,0.1302,0.1271,0.1297,2622628.5
2026-01-08 10:30:00,0.1296,0.1305,0.1295,0.1296,1808623.2
2026-01-08 10:45:00,0.1297,0.1311,0.1295,0.131,1483449.2
2026-01-08 11:00:00,0.1309,0.1312,0.1294,0.13,1584358.3
2026-01-08 11:15:00,0.1301,0.1305,0.1292,0.13,1059070.4
2026-01-08 11:30:00,0.1301,0.1303,0.1294,0.1298,602240.4
2026-01-08 11:45:00,0.1298,0.1305,0.1298,0.1301,406719.7
2026-01-08 12:00:00,0.13,0.1307,0.1286,0.1286,965141.1
2026-01-08 12:15:00,0.1287,0.1291,0.1286,0.1287,567707.3
2026-01-08 12:30:00,0.1288,0.129,0.1279,0.128,840036.3
2026-01-08 12:45:00,0.1281,0.1282,0.1274,0.1277,357424.4
2026-01-08 13:00:00,0.1277,0.1283,0.1276,0.128,422246.3
2026-01-08 13:15:00,0.1281,0.1283,0.1278,0.1281,273583.3
2026-01-08 13:30:00,0.128,0.128,0.1267,0.1277,685761.2
2026-01-08 13:45:00,0.1278,0.128,0.1273,0.1278,202300.7
2026-01-08 14:00:00,0.1278,0.1289,0.1273,0.1287,2350847.9
2026-01-08 14:15:00,0.1288,0.13,0.1282,0.1289,3950115.9
2026-01-08 14:30:00,0.1288,0.1299,0.1283,0.1283,2795781.7
2026-01-08 14:45:00,0.1284,0.1293,0.128,0.1286,2862559.8
2026-01-08 15:00:00,0.1284,0.1301,0.1279,0.1294,1309377.7
2026-01-08 15:15:00,0.1295,0.1318,0.1294,0.1316,2759739.9
2026-01-08 15:30:00,0.1317,0.133,0.1304,0.1326,2816497.1
2026-01-08 15:45:00,0.1327,0.1343,0.1325,0.134,3736400.9
2026-01-08 16:00:00,0.1341,0.1355,0.1337,0.1344,5770361.5
2026-01-08 16:15:00,0.1344,0.1351,0.1314,0.1315,6581451.4
2026-01-08 16:30:00,0.1316,0.1327,0.1308,0.1324,4294360.0
2026-01-08 16:45:00,0.1325,0.1341,0.1324,0.1339,1724445.0
2026-01-08 17:00:00,0.1339,0.1343,0.1333,0.1337,918402.7
2026-01-08 17:15:00,0.1337,0.134,0.1329,0.133,576248.8
2026-01-08 17:30:00,0.1331,0.134,0.1331,0.1338,384927.6
2026-01-08 17:45:00,0.1338,0.1346,0.1336,0.1345,619277.9
2026-01-08 18:00:00,0.1345,0.1345,0.1337,0.134,557990.0
2026-01-08 18:15:00,0.1339,0.1347,0.1337,0.1345,552074.0
2026-01-08 18:30:00,0.1345,0.1346,0.1334,0.1335,895874.6
2026-01-08 18:45:00,0.1334,0.1344,0.1334,0.1339,1064504.9
2026-01-08 19:00:00,0.1339,0.1346,0.1337,0.1338,874377.8
2026-01-08 19:15:00,0.1338,0.1343,0.1332,0.1342,1083352.4
2026-01-08 19:30:00,0.1342,0.1369,0.134,0.1362,3968949.1
2026-01-08 19:45:00,0.1362,0.138,0.1356,0.1373,7059664.7
2026-01-08 20:00:00,0.1373,0.1374,0.1348,0.1359,3358978.9
2026-01-08 20:15:00,0.1359,0.1359,0.1339,0.134,2996251.5
2026-01-08 20:30:00,0.1341,0.1352,0.1341,0.1347,1311969.8
2026-01-08 20:45:00,0.1348,0.1348,0.1342,0.1344,1459012.3
2026-01-08 21:00:00,0.1344,0.1349,0.1338,0.1345,695988.7
2026-01-08 21:15:00,0.1345,0.1348,0.134,0.1346,599063.6
2026-01-08 21:30:00,0.1347,0.1358,0.1343,0.1354,1000497.6
2026-01-08 21:45:00,0.1354,0.136,0.1352,0.1358,606265.0
2026-01-08 22:00:00,0.1359,0.1369,0.1359,0.1368,657685.2
2026-01-08 22:15:00,0.1368,0.1368,0.1354,0.1356,489256.3
2026-01-08 22:30:00,0.1355,0.1364,0.1355,0.1362,712797.0
2026-01-08 22:45:00,0.1362,0.1379,0.136,0.1375,1153485.3
2026-01-08 23:00:00,0.1376,0.1377,0.1362,0.1367,1003145.5
2026-01-08 23:15:00,0.1367,0.1371,0.1361,0.1365,595267.2
2026-01-08 23:30:00,0.1364,0.1364,0.1355,0.1358,991352.2
2026-01-08 23:45:00,0.1358,0.1361,0.1356,0.1359,357032.8
2026-01-09 00:00:00,0.1359,0.1363,0.1356,0.136,395511.9
2026-01-09 00:15:00,0.136,0.1377,0.136,0.1372,1638169.5
2026-01-09 00:30:00,0.1373,0.139,0.1369,0.1381,3445549.5
2026-01-09 00:45:00,0.138,0.1387,0.1378,0.1385,633739.1
2026-01-09 01:00:00,0.1386,0.1394,0.1384,0.1386,999833.6
2026-01-09 01:15:00,0.1385,0.1402,0.1381,0.1398,2445187.8
2026-01-09 01:30:00,0.1399,0.1402,0.1374,0.1377,2683269.8
2026-01-09 01:45:00,0.1376,0.1387,0.1374,0.1382,972197.5
2026-01-09 02:00:00,0.1382,0.1403,0.1376,0.1401,2063254.2
2026-01-09 02:15:00,0.1402,0.1403,0.1391,0.1394,892738.6
2026-01-09 02:30:00,0.1394,0.1401,0.1388,0.1397,927249.1
2026-01-09 02:45:00,0.1397,0.1398,0.1387,0.1392,693758.7
2026-01-09 03:00:00,0.1393,0.1405,0.1391,0.1401,1761863.7
2026-01-09 03:15:00,0.1401,0.1406,0.1397,0.14,686986.0
2026-01-09 03:30:00,0.14,0.1402,0.1393,0.1395,586151.1
2026-01-09 03:45:00,0.1395,0.1414,0.1393,0.1413,2608448.3
2026-01-09 04:00:00,0.1413,0.1415,0.1409,0.1412,1135467.1
2026-01-09 04:15:00,0.1411,0.1426,0.1409,0.1424,1233596.7
2026-01-09 04:30:00,0.1424,0.143,0.141,0.1423,1812690.7
2026-01-09 04:45:00,0.1423,0.1431,0.142,0.1426,1291145.8
2026-01-09 05:00:00,0.1427,0.1445,0.1426,0.1444,1618728.5
2026-01-09 05:15:00,0.1443,0.1446,0.1437,0.144,2099511.6
2026-01-09 05:30:00,0.1441,0.1454,0.144,0.145,2460159.2
2026-01-09 05:45:00,0.145,0.1463,0.1447,0.1462,2255141.7
2026-01-09 06:00:00,0.1462,0.1473,0.1457,0.1466,5632926.2
2026-01-09 06:15:00,0.1465,0.1476,0.145,0.1463,5485657.2
2026-01-09 06:30:00,0.1463,0.1482,0.1462,0.148,3477278.9
2026-01-09 06:45:00,0.1481,0.1488,0.1475,0.1482,2897804.6
2026-01-09 07:00:00,0.1483,0.1495,0.1482,0.1491,5138156.8
2026-01-09 07:15:00,0.1491,0.1509,0.1489,0.1508,4784603.1
2026-01-09 07:30:00,0.1508,0.1511,0.148,0.1484,7173111.2
2026-01-09 07:45:00,0.1484,0.1495,0.1483,0.1486,3120835.1
2026-01-09 08:00:00,0.1486,0.1492,0.1453,0.1467,7456329.1
2026-01-09 08:15:00,0.1467,0.1478,0.1463,0.1465,2282996.0
2026-01-09 08:30:00,0.1465,0.1466,0.1451,0.1454,3035967.9
2026-01-09 08:45:00,0.1454,0.1455,0.143,0.1446,5613713.1
2026-01-09 09:00:00,0.1446,0.1449,0.1416,0.142,3546808.3
2026-01-09 09:15:00,0.142,0.144,0.1419,0.1439,3617152.5
2026-01-09 09:30:00,0.1439,0.1446,0.1434,0.1434,2360791.1
2026-01-09 09:45:00,0.1434,0.1454,0.143,0.1444,2260373.3
2026-01-09 10:00:00,0.1444,0.1463,0.1437,0.1459,3664639.0
2026-01-09 10:15:00,0.146,0.1469,0.1458,0.1458,2292201.4
2026-01-09 10:30:00,0.1458,0.1467,0.1449,0.1466,1737879.5
2026-01-09 10:45:00,0.1466,0.1472,0.1462,0.1464,1619779.6
2026-01-09 11:00:00,0.1464,0.1466,0.1456,0.1459,1371346.3
2026-01-09 11:15:00,0.146,0.1475,0.1457,0.1465,1136894.1
2026-01-09 11:30:00,0.1464,0.1465,0.1449,0.1453,1192787.5
2026-01-09 11:45:00,0.1453,0.1455,0.1438,0.1441,1356984.6
2026-01-09 12:00:00,0.1442,0.1449,0.1427,0.1431,2448128.4
2026-01-09 12:15:00,0.1432,0.144,0.1426,0.1438,1795909.7
2026-01-09 12:30:00,0.1439,0.145,0.1432,0.1447,1847920.9
2026-01-09 12:45:00,0.1447,0.1466,0.1446,0.1447,2264834.8
2026-01-09 13:00:00,0.1448,0.1478,0.1446,0.1475,3537819.5
2026-01-09 13:15:00,0.1475,0.1499,0.147,0.1495,3559251.3
2026-01-09 13:30:00,0.1496,0.1526,0.1491,0.1524,7244774.7
2026-01-09 13:45:00,0.1523,0.1539,0.1508,0.1534,5216713.3
2026-01-09 14:00:00,0.1534,0.1536,0.1495,0.1502,4309251.4
2026-01-09 14:15:00,0.1501,0.1507,0.1491,0.1507,2463120.8
2026-01-09 14:30:00,0.1508,0.1523,0.1492,0.1506,4827675.9
2026-01-09 14:45:00,0.1505,0.1523,0.15,0.1521,3050405.9
2026-01-09 15:00:00,0.1521,0.1524,0.1476,0.1483,5812953.9
2026-01-09 15:15:00,0.1482,0.1531,0.1481,0.1526,5634988.0
2026-01-09 15:30:00,0.1526,0.1576,0.1526,0.1557,10924424.0
2026-01-09 15:45:00,0.1557,0.1598,0.1555,0.1583,10232524.0
2026-01-09 16:00:00,0.1584,0.1602,0.1566,0.1576,6514397.8
2026-01-09 16:15:00,0.1576,0.1579,0.1544,0.1547,3041545.9
2026-01-09 16:30:00,0.1547,0.155,0.1525,0.1539,3108808.0
2026-01-09 16:45:00,0.1538,0.1545,0.1528,0.1533,1668107.5
2026-01-09 17:00:00,0.1533,0.1566,0.1526,0.1563,4190594.2
2026-01-09 17:15:00,0.1563,0.1563,0.1533,0.1539,4589811.6
2026-01-09 17:30:00,0.1539,0.154,0.1519,0.1528,1637297.9
2026-01-09 17:45:00,0.1528,0.154,0.1526,0.1534,1390066.7
2026-01-09 18:00:00,0.1533,0.1549,0.1527,0.1549,1664038.9
2026-01-09 18:15:00,0.1549,0.1553,0.1527,0.1531,2610033.6
2026-01-09 18:30:00,0.153,0.1548,0.1521,0.1538,2239995.8
2026-01-09 18:45:00,0.1538,0.1551,0.1537,0.1542,1499012.3
2026-01-09 19:00:00,0.1541,0.1541,0.1527,0.1529,1042791.4
2026-01-09 19:15:00,0.153,0.1533,0.1508,0.1509,1671896.6
2026-01-09 19:30:00,0.1509,0.1517,0.1507,0.1514,1048263.3
2026-01-09 19:45:00,0.1514,0.1524,0.1506,0.1517,1856028.2
2026-01-09 20:00:00,0.1517,0.1524,0.1515,0.152,895525.9
2026-01-09 20:15:00,0.152,0.1529,0.1515,0.1522,872473.4
2026-01-09 20:30:00,0.1522,0.1528,0.151,0.1513,1484905.8
2026-01-09 20:45:00,0.1514,0.1521,0.151,0.1512,759384.3
2026-01-09 21:00:00,0.1512,0.1525,0.1507,0.1519,1878471.6
2026-01-09 21:15:00,0.1519,0.1544,0.1516,0.154,1880790.0
2026-01-09 21:30:00,0.154,0.1547,0.1537,0.1541,1088396.0
2026-01-09 21:45:00,0.1542,0.1542,0.1532,0.1536,831410.3
2026-01-09 22:00:00,0.1536,0.154,0.1531,0.1536,718766.1
2026-01-09 22:15:00,0.1537,0.1545,0.153,0.1538,1086447.3
2026-01-09 22:30:00,0.1539,0.1553,0.1537,0.1547,1097965.4
2026-01-09 22:45:00,0.1547,0.1559,0.154,0.1555,1060014.4
2026-01-09 23:00:00,0.1554,0.1584,0.1552,0.1575,2750286.7
2026-01-09 23:15:00,0.1576,0.1578,0.1565,0.1568,3745571.9
2026-01-09 23:30:00,0.1568,0.1568,0.1553,0.1561,1297548.4
2026-01-09 23:45:00,0.156,0.1576,0.1555,0.1558,2434559.6
2026-01-10 00:00:00,0.1557,0.1562,0.1542,0.1546,2234849.1
2026-01-10 00:15:00,0.1546,0.1553,0.1542,0.1549,2102026.7
2026-01-10 00:30:00,0.1549,0.1572,0.1549,0.1558,2959943.7
2026-01-10 00:45:00,0.1558,0.1568,0.1557,0.1564,1288419.4
2026-01-10 01:00:00,0.1564,0.159,0.1563,0.1584,3032176.0
2026-01-10 01:15:00,0.1585,0.1606,0.1582,0.1591,5060219.6
2026-01-10 01:30:00,0.1592,0.1606,0.1575,0.1594,4392446.5
2026-01-10 01:45:00,0.1594,0.1608,0.1592,0.1596,2760553.9
2026-01-10 02:00:00,0.1596,0.1602,0.1583,0.1585,1802419.2
2026-01-10 02:15:00,0.1585,0.1598,0.1582,0.1589,1637101.2
2026-01-10 02:30:00,0.1589,0.1589,0.1568,0.157,1979209.8
2026-01-10 02:45:00,0.157,0.1579,0.1569,0.1573,1283905.3
2026-01-10 03:00:00,0.1573,0.1577,0.1564,0.157,961318.0
2026-01-10 03:15:00,0.1569,0.1593,0.1568,0.1587,1940630.3
2026-01-10 03:30:00,0.1587,0.1596,0.1578,0.1595,2560435.8
2026-01-10 03:45:00,0.1596,0.1619,0.159,0.1605,2805800.1
2026-01-10 04:00:00,0.1605,0.161,0.1592,0.1603,2874896.2
2026-01-10 04:15:00,0.1603,0.1612,0.1592,0.1601,2913520.8
2026-01-10 04:30:00,0.1601,0.1603,0.1586,0.1601,1568966.5
2026-01-10 04:45:00,0.1601,0.1618,0.16,0.1608,1868793.2
2026-01-10 05:00:00,0.1608,0.1628,0.1605,0.1626,2514953.6
2026-01-10 05:15:00,0.1626,0.1647,0.162,0.1637,4237540.8
2026-01-10 05:30:00,0.1638,0.1638,0.1613,0.1631,3781065.2
2026-01-10 05:45:00,0.1631,0.1653,0.163,0.1645,4745136.3
2026-01-10 06:00:00,0.1645,0.1671,0.1641,0.1661,3864518.1
2026-01-10 06:15:00,0.1661,0.1689,0.1646,0.1687,4954367.8
2026-01-10 06:30:00,0.1686,0.1696,0.1675,0.1686,5784038.0
2026-01-10 06:45:00,0.1687,0.172,0.1687,0.1717,7115902.9
2026-01-10 07:00:00,0.1718,0.1743,0.1701,0.1739,9996494.1
2026-01-10 07:15:00,0.1739,0.1739,0.1667,0.1689,18066487.6
2026-01-10 07:30:00,0.1688,0.1717,0.1684,0.169,9819831.4
2026-01-10 07:45:00,0.1691,0.1721,0.1683,0.1687,6074964.3
2026-01-10 08:00:00,0.1688,0.1694,0.1671,0.1682,5862730.8
2026-01-10 08:15:00,0.1682,0.1707,0.1682,0.1689,4500063.1
2026-01-10 08:30:00,0.169,0.1693,0.1673,0.1684,2930336.6
2026-01-10 08:45:00,0.1684,0.1732,0.1684,0.1722,4772249.9
2026-01-10 09:00:00,0.1722,0.176,0.1709,0.171,8644860.8
2026-01-10 09:15:00,0.1711,0.1727,0.1702,0.171,3732933.3
2026-01-10 09:30:00,0.171,0.1718,0.1685,0.1688,10152897.2
2026-01-10 09:45:00,0.1688,0.1691,0.1669,0.1669,2582544.5
2026-01-10 10:00:00,0.1669,0.1675,0.1656,0.1668,3389316.7
2026-01-10 10:15:00,0.1668,0.1688,0.1666,0.1685,1955650.9
2026-01-10 10:30:00,0.1686,0.1713,0.1685,0.1703,4742772.1
2026-01-10 10:45:00,0.1703,0.1719,0.1701,0.1707,6844128.3
2026-01-10 11:00:00,0.1707,0.1711,0.1692,0.1706,2580854.3
2026-01-10 11:15:00,0.1705,0.1731,0.1691,0.173,9285690.8
2026-01-10 11:30:00,0.1732,0.1739,0.1709,0.1722,4923261.1
2026-01-10 11:45:00,0.1723,0.1732,0.1717,0.1721,3029773.3
2026-01-10 12:00:00,0.172,0.1723,0.1705,0.1706,3332431.7
2026-01-10 12:15:00,0.1706,0.1726,0.1704,0.1715,2541584.2
2026-01-10 12:30:00,0.1715,0.1736,0.1711,0.1716,3375973.0
2026-01-10 12:45:00,0.1717,0.1772,0.1709,0.1769,9093763.0
2026-01-10 13:00:00,0.1769,0.1783,0.1749,0.1755,6893577.2
2026-01-10 13:15:00,0.1755,0.1788,0.1751,0.1777,5656583.4
2026-01-10 13:30:00,0.1778,0.1778,0.1751,0.1765,4517132.7
2026-01-10 13:45:00,0.1765,0.1778,0.1737,0.1743,4520734.7
2026-01-10 14:00:00,0.1744,0.1749,0.1729,0.1742,2866060.5
2026-01-10 14:15:00,0.1741,0.1754,0.1733,0.1739,3120873.9
2026-01-10 14:30:00,0.1738,0.1739,0.1717,0.1727,3860021.8
2026-01-10 14:45:00,0.1727,0.1739,0.1721,0.1729,2597605.6
2026-01-10 15:00:00,0.173,0.1753,0.1727,0.1752,2682639.1
2026-01-10 15:15:00,0.1752,0.1764,0.1743,0.1762,3896475.4
2026-01-10 15:30:00,0.1763,0.1777,0.1757,0.1773,4285861.0
2026-01-10 15:45:00,0.1773,0.1776,0.1758,0.1761,2565407.5
2026-01-10 16:00:00,0.1761,0.1787,0.1753,0.1758,6804650.4
2026-01-10 16:15:00,0.1758,0.1777,0.1749,0.1764,3307855.5
2026-01-10 16:30:00,0.1764,0.1781,0.1761,0.1766,2703277.6
2026-01-10 16:45:00,0.1766,0.1772,0.1752,0.1755,1851816.2
2026-01-10 17:00:00,0.1755,0.177,0.1752,0.1759,2508833.8
2026-01-10 17:15:00,0.1758,0.1771,0.1755,0.1766,1403313.8
2026-01-10 17:30:00,0.1767,0.1773,0.1755,0.1768,2062158.6
2026-01-10 17:45:00,0.1768,0.1783,0.1759,0.1766,3279093.7
2026-01-10 18:00:00,0.1765,0.1781,0.1763,0.178,1847672.4
2026-01-10 18:15:00,0.178,0.1798,0.1774,0.1793,4138064.2
2026-01-10 18:30:00,0.1793,0.18,0.1782,0.1792,3176310.1
2026-01-10 18:45:00,0.1793,0.1817,0.1788,0.1815,4282253.0
2026-01-10 19:00:00,0.1816,0.1849,0.1811,0.1841,7247163.7
2026-01-10 19:15:00,0.184,0.1866,0.183,0.1855,5207149.9
2026-01-10 19:30:00,0.1855,0.1855,0.1812,0.1817,5233879.0
2026-01-10 19:45:00,0.1818,0.1821,0.1803,0.1809,3847489.6
2026-01-10 20:00:00,0.1808,0.1834,0.1803,0.1833,3014588.1
2026-01-10 20:15:00,0.1833,0.1849,0.1822,0.1848,4972833.0
2026-01-10 20:30:00,0.1848,0.185,0.1823,0.1829,3987243.5
2026-01-10 20:45:00,0.183,0.1835,0.1819,0.1827,2646446.9
2026-01-10 21:00:00,0.1827,0.1851,0.1826,0.1851,2981719.7
2026-01-10 21:15:00,0.1852,0.1865,0.1844,0.1852,4192762.5
2026-01-10 21:30:00,0.1852,0.1852,0.1822,0.1825,3565201.1
2026-01-10 21:45:00,0.1824,0.1827,0.1813,0.1816,3368923.7
2026-01-10 22:00:00,0.1816,0.1841,0.1812,0.1825,3024562.6
2026-01-10 22:15:00,0.1825,0.1833,0.1807,0.182,3699708.8
2026-01-10 22:30:00,0.182,0.182,0.1806,0.1815,1941732.5
2026-01-10 22:45:00,0.1814,0.1814,0.176,0.177,5781862.9
2026-01-10 23:00:00,0.1771,0.1775,0.1756,0.1768,3269932.0
2026-01-10 23:15:00,0.1768,0.1778,0.1759,0.177,4831100.2
2026-01-10 23:30:00,0.1769,0.1792,0.1766,0.1779,3792135.0
2026-01-10 23:45:00,0.178,0.1787,0.1773,0.1775,1295494.2
2026-01-11 00:00:00,0.1775,0.1789,0.1762,0.1772,3779490.9
2026-01-11 00:15:00,0.1772,0.1807,0.1772,0.1789,5842620.7
2026-01-11 00:30:00,0.179,0.1792,0.1765,0.1766,2314397.9
2026-01-11 00:45:00,0.1765,0.1775,0.1759,0.1763,2874919.9
2026-01-11 01:00:00,0.1764,0.1766,0.1747,0.1749,3384850.0
2026-01-11 01:15:00,0.1749,0.1759,0.1742,0.1752,2935925.5
2026-01-11 01:30:00,0.1752,0.1755,0.1733,0.174,4833835.6
2026-01-11 01:45:00,0.1739,0.1751,0.1737,0.1744,1611937.7
2026-01-11 02:00:00,0.1745,0.1751,0.1738,0.1749,1409483.0
2026-01-11 02:15:00,0.1749,0.1749,0.1734,0.1737,1107268.9
2026-01-11 02:30:00,0.1737,0.1739,0.1727,0.1731,1657496.4
2026-01-11 02:45:00,0.1731,0.1742,0.1716,0.1717,3257749.5
2026-01-11 03:00:00,0.1717,0.1723,0.1713,0.1715,2229933.3
2026-01-11 03:15:00,0.1716,0.174,0.1711,0.1729,2123853.8
2026-01-11 03:30:00,0.1729,0.1763,0.1726,0.176,3725872.0
2026-01-11 03:45:00,0.176,0.1791,0.176,0.1781,5191925.1
2026-01-11 04:00:00,0.1781,0.1816,0.1778,0.1791,5475471.9
2026-01-11 04:15:00,0.1791,0.1802,0.178,0.1798,2398465.2
2026-01-11 04:30:00,0.1799,0.1838,0.1796,0.1831,5968241.4
2026-01-11 04:45:00,0.1831,0.1855,0.1827,0.184,5230147.7
2026-01-11 05:00:00,0.184,0.1854,0.1808,0.181,4228046.8
2026-01-11 05:15:00,0.1809,0.181,0.1781,0.1785,3574284.4
2026-01-11 05:30:00,0.1785,0.1793,0.1765,0.1782,3738701.0
2026-01-11 05:45:00,0.1781,0.1783,0.1761,0.1766,2092930.1
2026-01-11 06:00:00,0.1766,0.1772,0.175,0.176,3729337.7
2026-01-11 06:15:00,0.1761,0.1778,0.1753,0.1759,3022776.9
2026-01-11 06:30:00,0.176,0.1764,0.1744,0.1762,1948804.6
2026-01-11 06:45:00,0.1761,0.1806,0.1761,0.1777,6256348.0
2026-01-11 07:00:00,0.1778,0.1798,0.1775,0.1786,1950872.5
2026-01-11 07:15:00,0.1786,0.1795,0.1783,0.1793,945262.6
2026-01-11 07:30:00,0.1793,0.1803,0.1779,0.1789,1750385.3
2026-01-11 07:45:00,0.1788,0.1808,0.178,0.1796,2470918.6
2026-01-11 08:00:00,0.1797,0.1817,0.1789,0.179,9291048.8
2026-01-11 08:15:00,0.1789,0.1791,0.1781,0.1787,1160260.5
2026-01-11 08:30:00,0.1786,0.1786,0.174,0.1746,4865930.3
2026-01-11 08:45:00,0.1746,0.1751,0.1733,0.1737,4546220.5
2026-01-11 09:00:00,0.1736,0.1739,0.1722,0.1724,1832760.7
2026-01-11 09:15:00,0.1725,0.1732,0.1718,0.1722,2593163.2
2026-01-11 09:30:00,0.1721,0.173,0.1717,0.1728,2070007.4
2026-01-11 09:45:00,0.1728,0.1728,0.1716,0.1724,2729616.9
2026-01-11 10:00:00,0.1724,0.1733,0.172,0.1726,1401439.9
2026-01-11 10:15:00,0.1725,0.1726,0.1717,0.172,785628.3
2026-01-11 10:30:00,0.172,0.1726,0.1716,0.1722,766755.5
2026-01-11 10:45:00,0.1721,0.1726,0.1714,0.1718,1813392.3
2026-01-11 11:00:00,0.1718,0.1727,0.17,0.1723,2848046.9
2026-01-11 11:15:00,0.1723,0.175,0.1722,0.1743,4335209.8
2026-01-11 11:30:00,0.1744,0.1744,0.1723,0.1734,4367989.0
2026-01-11 11:45:00,0.1734,0.1735,0.1724,0.1726,636945.2
2026-01-11 12:00:00,0.1726,0.1734,0.1714,0.172,1058862.9
2026-01-11 12:15:00,0.1719,0.1722,0.1704,0.1706,1336971.9
2026-01-11 12:30:00,0.1707,0.1727,0.1704,0.1718,2981856.5
2026-01-11 12:45:00,0.1718,0.1722,0.1706,0.1712,1918989.0
2026-01-11 13:00:00,0.1712,0.1718,0.1682,0.1685,5670187.1
2026-01-11 13:15:00,0.1685,0.1696,0.168,0.1688,2345792.1
2026-01-11 13:30:00,0.1688,0.1694,0.1687,0.1691,1318880.3
2026-01-11 13:45:00,0.1691,0.1701,0.1689,0.1696,1171319.6
2026-01-11 14:00:00,0.1696,0.1701,0.1688,0.169,1016948.8
2026-01-11 14:15:00,0.169,0.1691,0.1678,0.1682,1439667.1
2026-01-11 14:30:00,0.1681,0.1689,0.1667,0.1669,2998185.4
2026-01-11 14:45:00,0.1669,0.1673,0.1662,0.1669,4499261.4
2026-01-11 15:00:00,0.1669,0.1671,0.1644,0.1647,2867164.1
2026-01-11 15:15:00,0.1647,0.1649,0.1628,0.1641,5769200.8
2026-01-11 15:30:00,0.1641,0.1643,0.1631,0.1633,1356353.4
2026-01-11 15:45:00,0.1633,0.1636,0.1624,0.1627,1573118.4
2026-01-11 16:00:00,0.1626,0.1634,0.1618,0.1629,2546044.8
2026-01-11 16:15:00,0.1629,0.1653,0.1627,0.1644,3319106.2
2026-01-11 16:30:00,0.1645,0.1656,0.1644,0.1653,2059539.4
2026-01-11 16:45:00,0.1653,0.1667,0.1651,0.1666,1538633.1
2026-01-11 17:00:00,0.1666,0.1688,0.1657,0.1676,5435490.7
2026-01-11 17:15:00,0.1676,0.1699,0.1672,0.1695,4142841.4
2026-01-11 17:30:00,0.1695,0.1718,0.1681,0.1695,7613122.6
2026-01-11 17:45:00,0.1695,0.171,0.1688,0.1705,2516923.2
2026-01-11 18:00:00,0.1704,0.1712,0.1693,0.1702,3458482.5
2026-01-11 18:15:00,0.1703,0.1704,0.1684,0.1689,714544.7
2026-01-11 18:30:00,0.1689,0.1694,0.1683,0.1687,977292.2
2026-01-11 18:45:00,0.1688,0.1694,0.1685,0.1689,498710.7
2026-01-11 19:00:00,0.1689,0.1692,0.1682,0.1684,637246.8
2026-01-11 19:15:00,0.1684,0.1686,0.1679,0.1682,666581.2
2026-01-11 19:30:00,0.1682,0.1687,0.168,0.1684,355079.6
2026-01-11 19:45:00,0.1684,0.1689,0.1679,0.1682,1069183.4
2026-01-11 20:00:00,0.1681,0.1683,0.1666,0.1672,1695703.2
2026-01-11 20:15:00,0.1672,0.1672,0.166,0.1665,1556383.9
2026-01-11 20:30:00,0.1665,0.1672,0.1663,0.1669,439945.4
2026-01-11 20:45:00,0.1669,0.167,0.1663,0.1666,350153.7
2026-01-11 21:00:00,0.1666,0.1666,0.1646,0.1653,2044622.4
2026-01-11 21:15:00,0.1652,0.1657,0.1651,0.1656,564005.4
2026-01-11 21:30:00,0.1656,0.1659,0.1643,0.1649,1144409.5
2026-01-11 21:45:00,0.1649,0.1652,0.1647,0.1649,439640.0
2026-01-11 22:00:00,0.1648,0.1649,0.1633,0.1637,1503573.2
2026-01-11 22:15:00,0.1637,0.1646,0.1634,0.1642,435988.8
2026-01-11 22:30:00,0.1641,0.1646,0.1635,0.1637,575495.6
2026-01-11 22:45:00,0.1637,0.1638,0.1633,0.1633,571422.6
2026-01-11 23:00:00,0.1634,0.1636,0.1624,0.1633,991576.7
2026-01-11 23:15:00,0.1633,0.1649,0.1633,0.1633,2352108.8
2026-01-11 23:30:00,0.1633,0.1633,0.162,0.1633,1149174.9
2026-01-11 23:45:00,0.1632,0.1649,0.163,0.1642,1235464.3
2026-01-12 00:00:00,0.1642,0.1648,0.1627,0.1638,1641744.1
2026-01-12 00:15:00,0.1638,0.1656,0.1633,0.1638,1770993.8
2026-01-12 00:30:00,0.1638,0.1643,0.1606,0.1609,2785405.0
2026-01-12 00:45:00,0.1609,0.1628,0.1604,0.1628,1721867.8
2026-01-12 01:00:00,0.1629,0.1643,0.1621,0.1624,1350920.2
2026-01-12 01:15:00,0.1625,0.163,0.1618,0.1623,651490.9
2026-01-12 01:30:00,0.1623,0.1627,0.1599,0.1604,6069578.3
2026-01-12 01:45:00,0.1604,0.1611,0.1603,0.1607,784067.5
2026-01-12 02:00:00,0.1607,0.1622,0.1607,0.1622,987217.0
2026-01-12 02:15:00,0.1622,0.1626,0.1606,0.161,951432.0
2026-01-12 02:30:00,0.161,0.1616,0.1607,0.1616,445701.6
2026-01-12 02:45:00,0.1615,0.1629,0.1615,0.1623,977901.8
2026-01-12 03:00:00,0.1622,0.1627,0.1611,0.1626,912556.8
2026-01-12 03:15:00,0.1626,0.163,0.162,0.1626,1010302.4
2026-01-12 03:30:00,0.1625,0.1626,0.1608,0.1608,1034083.0
2026-01-12 03:45:00,0.1608,0.161,0.1594,0.1599,8070259.2
2026-01-12 04:00:00,0.1599,0.1607,0.1586,0.1593,7825485.9
2026-01-12 04:15:00,0.1593,0.1595,0.1583,0.1586,930380.9
2026-01-12 04:30:00,0.1586,0.1591,0.1579,0.1587,2422484.9
2026-01-12 04:45:00,0.1586,0.1599,0.1586,0.1595,3592761.5
2026-01-12 05:00:00,0.1596,0.1598,0.1586,0.1589,3065500.4
2026-01-12 05:15:00,0.1588,0.1592,0.1583,0.1586,3155502.5
2026-01-12 05:30:00,0.1585,0.1587,0.1548,0.155,5226651.4
2026-01-12 05:45:00,0.155,0.1557,0.1546,0.1554,999617.8
2026-01-12 06:00:00,0.1554,0.1557,0.1544,0.1547,1016473.1
2026-01-12 06:15:00,0.1548,0.155,0.1536,0.1541,1238622.9
2026-01-12 06:30:00,0.1542,0.1543,0.1532,0.1537,1602548.8
2026-01-12 06:45:00,0.1537,0.1538,0.1518,0.1526,3073630.4
2026-01-12 07:00:00,0.1527,0.1536,0.1522,0.1524,1487841.2
2026-01-12 07:15:00,0.1524,0.1529,0.1518,0.1519,2617995.0
2026-01-12 07:30:00,0.1519,0.1534,0.1518,0.1534,1363343.2
2026-01-12 07:45:00,0.1533,0.1564,0.1529,0.1559,3944915.2
2026-01-12 08:00:00,0.156,0.1579,0.1552,0.1575,5150412.4
2026-01-12 08:15:00,0.1575,0.1598,0.1567,0.1589,4552166.1
2026-01-12 08:30:00,0.1589,0.1606,0.1578,0.1598,3858834.1
2026-01-12 08:45:00,0.1598,0.1607,0.159,0.1593,2996330.4
2026-01-12 09:00:00,0.1594,0.1598,0.157,0.1576,2758118.1
2026-01-12 09:15:00,0.1575,0.158,0.1569,0.157,1178934.0
2026-01-12 09:30:00,0.157,0.1572,0.1557,0.156,1953400.4
2026-01-12 09:45:00,0.156,0.1561,0.1551,0.1559,1686059.1
2026-01-12 10:00:00,0.1559,0.1588,0.1558,0.1566,2057277.0
2026-01-12 10:15:00,0.1566,0.1576,0.1566,0.1574,634953.0
2026-01-12 10:30:00,0.1574,0.1583,0.1551,0.1553,4385370.9
2026-01-12 10:45:00,0.1552,0.1552,0.1532,0.1542,2357758.6
2026-01-12 11:00:00,0.1542,0.1546,0.1539,0.1544,562620.8
2026-01-12 11:15:00,0.1545,0.1555,0.1535,0.1548,1195451.0
2026-01-12 11:30:00,0.1548,0.1564,0.1547,0.1555,1543860.5
2026-01-12 11:45:00,0.1554,0.1562,0.155,0.1558,1086893.6
2026-01-12 12:00:00,0.1558,0.1559,0.1547,0.1549,920946.2
2026-01-12 12:15:00,0.1549,0.1551,0.1529,0.1532,1640316.1
2026-01-12 12:30:00,0.1533,0.1533,0.1523,0.1525,961737.9
2026-01-12 12:45:00,0.1525,0.1533,0.1523,0.1531,1191578.4
2026-01-12 13:00:00,0.1532,0.1533,0.152,0.1523,1100947.0
2026-01-12 13:15:00,0.1523,0.1529,0.1518,0.1521,710232.3
2026-01-12 13:30:00,0.1522,0.1526,0.1509,0.1514,1295831.3
2026-01-12 13:45:00,0.1514,0.152,0.1508,0.1511,920128.1
2026-01-12 14:00:00,0.1511,0.1524,0.1508,0.1514,1457723.2
2026-01-12 14:15:00,0.1514,0.1532,0.1511,0.1525,2339503.3
2026-01-12 14:30:00,0.1524,0.1535,0.1521,0.1529,2216713.8
2026-01-12 14:45:00,0.1528,0.1535,0.1524,0.1531,846502.6
2026-01-12 15:00:00,0.1531,0.156,0.153,0.1552,1741125.9
2026-01-12 15:15:00,0.1552,0.156,0.1547,0.1555,963436.6
2026-01-12 15:30:00,0.1556,0.1565,0.1544,0.1562,1392273.5
2026-01-12 15:45:00,0.1562,0.1576,0.1551,0.1573,2446068.5
2026-01-12 16:00:00,0.1573,0.1573,0.1554,0.1556,1985955.2
2026-01-12 16:15:00,0.1556,0.1558,0.1545,0.1555,2070926.0
2026-01-12 16:30:00,0.1555,0.1562,0.1545,0.1548,1533601.2
2026-01-12 16:45:00,0.1548,0.1553,0.1543,0.1547,1581983.5
2026-01-12 17:00:00,0.1547,0.1553,0.1542,0.1543,900249.9
2026-01-12 17:15:00,0.1543,0.1545,0.1535,0.1538,979131.8
2026-01-12 17:30:00,0.1538,0.1538,0.1525,0.1531,1344296.1
2026-01-12 17:45:00,0.153,0.1536,0.1527,0.1531,1214173.8
2026-01-12 18:00:00,0.153,0.1543,0.1528,0.1532,715418.2
2026-01-12 18:15:00,0.1531,0.1542,0.1531,0.154,576038.1
2026-01-12 18:30:00,0.1539,0.154,0.1523,0.1528,946763.3
2026-01-12 18:45:00,0.1528,0.1529,0.1525,0.1528,185020.4
2026-01-12 19:00:00,0.1529,0.1544,0.1526,0.1537,1230187.5
2026-01-12 19:15:00,0.1537,0.154,0.1533,0.1536,379981.6
2026-01-12 19:30:00,0.1536,0.1544,0.1536,0.1541,361640.5
2026-01-12 19:45:00,0.1542,0.155,0.1541,0.1544,828898.2
2026-01-12 20:00:00,0.1544,0.155,0.1543,0.1546,758372.0
2026-01-12 20:15:00,0.1546,0.1548,0.1543,0.1545,762258.7
2026-01-12 20:30:00,0.1546,0.1546,0.1531,0.154,1924666.7
2026-01-12 20:45:00,0.1539,0.1547,0.1535,0.1539,2737945.4
2026-01-12 21:00:00,0.1539,0.1561,0.1537,0.1557,2973138.4
2026-01-12 21:15:00,0.1557,0.1565,0.1557,0.1561,2661249.1
2026-01-12 21:30:00,0.1561,0.1569,0.1557,0.1565,3489008.7
2026-01-12 21:45:00,0.1564,0.1567,0.1555,0.156,2793226.7
2026-01-12 22:00:00,0.1561,0.1561,0.1506,0.1512,12506205.2
2026-01-12 22:15:00,0.1512,0.1532,0.1496,0.1517,11452541.4
2026-01-12 22:30:00,0.1518,0.152,0.1511,0.1512,838461.0
2026-01-12 22:45:00,0.1511,0.1526,0.15,0.1521,1450772.9
2026-01-12 23:00:00,0.1521,0.1521,0.151,0.1512,811803.0
2026-01-12 23:15:00,0.1512,0.1513,0.1505,0.1506,865124.2
2026-01-12 23:30:00,0.1506,0.1507,0.1501,0.1504,876297.9
2026-01-12 23:45:00,0.1504,0.1514,0.1503,0.151,675932.6
2026-01-13 00:00:00,0.1509,0.1517,0.1507,0.1511,506588.9
2026-01-13 00:15:00,0.1511,0.1526,0.1511,0.1525,668245.3
2026-01-13 00:30:00,0.1524,0.1525,0.1516,0.152,1055087.6
2026-01-13 00:45:00,0.1519,0.1525,0.1516,0.1517,566240.5
2026-01-13 01:00:00,0.1518,0.1526,0.1516,0.1523,399187.5
2026-01-13 01:15:00,0.1524,0.1533,0.152,0.1522,996285.0
2026-01-13 01:30:00,0.1522,0.1523,0.1492,0.1501,7771389.0
2026-01-13 01:45:00,0.1502,0.1505,0.1485,0.1499,4043589.4
2026-01-13 02:00:00,0.1499,0.1526,0.1496,0.1519,4242710.7
2026-01-13 02:15:00,0.152,0.154,0.1519,0.1523,1668204.2
2026-01-13 02:30:00,0.1523,0.1537,0.1523,0.1528,912248.5
2026-01-13 02:45:00,0.1527,0.153,0.1512,0.1512,722549.5
2026-01-13 03:00:00,0.1511,0.1514,0.1507,0.1511,718043.7
2026-01-13 03:15:00,0.1511,0.1517,0.151,0.1515,513476.1
2026-01-13 03:30:00,0.1514,0.1528,0.1512,0.1526,1337307.6
2026-01-13 03:45:00,0.1526,0.1536,0.1521,0.1523,1509147.2
2026-01-13 04:00:00,0.1523,0.1532,0.1518,0.1528,1070679.2
2026-01-13 04:15:00,0.1527,0.1529,0.1521,0.1522,517897.8
2026-01-13 04:30:00,0.1522,0.1523,0.1514,0.1521,423553.3
2026-01-13 04:45:00,0.1521,0.1521,0.1517,0.1519,696408.7
2026-01-13 05:00:00,0.1519,0.1526,0.1518,0.1526,372113.7
2026-01-13 05:15:00,0.1526,0.1532,0.1513,0.1522,2977010.6
2026-01-13 05:30:00,0.1523,0.1523,0.1513,0.1514,1230015.4
2026-01-13 05:45:00,0.1514,0.1518,0.1513,0.1517,385791.3
2026-01-13 06:00:00,0.1518,0.1521,0.1515,0.1516,266240.5
2026-01-13 06:15:00,0.1516,0.1517,0.1512,0.1513,217118.9
2026-01-13 06:30:00,0.1512,0.1515,0.151,0.1511,270811.5
2026-01-13 06:45:00,0.1511,0.1519,0.151,0.1517,574120.7
2026-01-13 07:00:00,0.1517,0.1517,0.1509,0.1515,403339.5
2026-01-13 07:15:00,0.1514,0.1515,0.1507,0.1511,264990.5
2026-01-13 07:30:00,0.1512,0.1527,0.1511,0.1518,1325451.9
2026-01-13 07:45:00,0.1517,0.1522,0.1515,0.152,411458.9
2026-01-13 08:00:00,0.152,0.1525,0.1515,0.1521,665158.0
2026-01-13 08:15:00,0.1521,0.1521,0.1514,0.1515,392451.5
2026-01-13 08:30:00,0.1515,0.1529,0.1513,0.1524,2831044.6
2026-01-13 08:45:00,0.1524,0.1524,0.1519,0.1523,546852.7
2026-01-13 09:00:00,0.1522,0.1533,0.1521,0.1529,632002.1
2026-01-13 09:15:00,0.153,0.1531,0.152,0.1523,1231857.7
2026-01-13 09:30:00,0.1522,0.1523,0.1506,0.1513,1754694.7
2026-01-13 09:45:00,0.1512,0.152,0.1511,0.1517,418186.6
2026-01-13 10:00:00,0.1518,0.1523,0.1513,0.1514,924103.0
2026-01-13 10:15:00,0.1513,0.1519,0.1512,0.1518,1988893.3
2026-01-13 10:30:00,0.1518,0.1523,0.1509,0.151,644677.0
2026-01-13 10:45:00,0.151,0.1511,0.1503,0.1505,1527411.0
2026-01-13 11:00:00,0.1504,0.1507,0.1502,0.1502,378803.9
2026-01-13 11:15:00,0.1502,0.1507,0.1499,0.1505,985627.0
2026-01-13 11:30:00,0.1505,0.1509,0.1502,0.1503,539876.6
2026-01-13 11:45:00,0.1502,0.1505,0.1495,0.1496,843012.2
2026-01-13 12:00:00,0.1496,0.1501,0.1484,0.1486,1623895.1
2026-01-13 12:15:00,0.1486,0.1494,0.1484,0.1494,926820.6
2026-01-13 12:30:00,0.1494,0.15,0.1493,0.1497,909651.2
2026-01-13 12:45:00,0.1497,0.1505,0.1494,0.1503,644844.6
2026-01-13 13:00:00,0.1504,0.1509,0.1502,0.1506,971526.3
2026-01-13 13:15:00,0.1507,0.1518,0.1506,0.1514,1205082.0
2026-01-13 13:30:00,0.1514,0.1532,0.1505,0.152,4782323.0
2026-01-13 13:45:00,0.152,0.152,0.1508,0.1508,764221.6
2026-01-13 14:00:00,0.1509,0.1511,0.1503,0.1507,989046.1
2026-01-13 14:15:00,0.1507,0.1518,0.1506,0.1517,1150032.3
2026-01-13 14:30:00,0.1518,0.1539,0.1513,0.1534,4239168.0
2026-01-13 14:45:00,0.1534,0.1538,0.1514,0.1518,4611346.7
2026-01-13 15:00:00,0.1518,0.1528,0.1512,0.1527,1367581.7
2026-01-13 15:15:00,0.1526,0.1544,0.1517,0.1524,3544355.5
2026-01-13 15:30:00,0.1523,0.1547,0.1523,0.1541,2595932.3
2026-01-13 15:45:00,0.1541,0.1554,0.1534,0.1553,1485891.0
2026-01-13 16:00:00,0.1552,0.1572,0.155,0.1556,3987960.4
2026-01-13 16:15:00,0.1556,0.1571,0.1554,0.157,2299911.1
2026-01-13 16:30:00,0.1571,0.1622,0.1569,0.162,6243678.5
2026-01-13 16:45:00,0.1619,0.1622,0.1573,0.1577,4918825.7
2026-01-13 17:00:00,0.1577,0.1585,0.1566,0.1572,2235988.1
2026-01-13 17:15:00,0.1572,0.1572,0.1556,0.1564,1193348.4
2026-01-13 17:30:00,0.1564,0.1567,0.1552,0.1559,1028330.1
2026-01-13 17:45:00,0.1558,0.1565,0.1554,0.156,811578.5
2026-01-13 18:00:00,0.156,0.1577,0.1559,0.1567,1190844.2
2026-01-13 18:15:00,0.1567,0.1593,0.1566,0.1587,1965588.1
2026-01-13 18:30:00,0.1587,0.1591,0.1574,0.158,2334874.2
2026-01-13 18:45:00,0.158,0.16,0.1573,0.1592,3134535.3
2026-01-13 19:00:00,0.1592,0.1593,0.1569,0.1572,1426615.1
2026-01-13 19:15:00,0.1572,0.1577,0.1568,0.1576,515650.7
2026-01-13 19:30:00,0.1576,0.159,0.1576,0.159,1133917.0
2026-01-13 19:45:00,0.159,0.1615,0.159,0.1609,1408816.6
2026-01-13 20:00:00,0.161,0.1611,0.1597,0.1602,1464227.9
2026-01-13 20:15:00,0.1602,0.1609,0.1598,0.1605,526366.3
2026-01-13 20:30:00,0.1606,0.1606,0.158,0.1585,1212623.6
2026-01-13 20:45:00,0.1586,0.1588,0.1565,0.1567,1394296.7
2026-01-13 21:00:00,0.1568,0.1576,0.1564,0.1565,1408706.7
2026-01-13 21:15:00,0.1565,0.1574,0.1564,0.1567,700857.6
2026-01-13 21:30:00,0.1567,0.1573,0.1561,0.1563,1053127.2
2026-01-13 21:45:00,0.1564,0.1566,0.1561,0.1562,380550.8
2026-01-13 22:00:00,0.1562,0.1609,0.1562,0.1595,3847761.7
2026-01-13 22:15:00,0.1594,0.1607,0.1587,0.1594,2737070.8
2026-01-13 22:30:00,0.1595,0.16,0.158,0.1589,2102471.0
2026-01-13 22:45:00,0.1589,0.16,0.1582,0.1584,957509.0
2026-01-13 23:00:00,0.1585,0.1592,0.1575,0.1577,1339039.9
2026-01-13 23:15:00,0.1577,0.1577,0.1567,0.157,704788.3
2026-01-13 23:30:00,0.157,0.1581,0.1567,0.1572,1091118.0
2026-01-13 23:45:00,0.1571,0.1577,0.157,0.1574,590315.5
2026-01-14 00:00:00,0.1575,0.158,0.1567,0.158,1457029.3
2026-01-14 00:15:00,0.1579,0.1579,0.1559,0.1578,3136075.8
2026-01-14 00:30:00,0.1577,0.1579,0.1568,0.1577,589794.0
2026-01-14 00:45:00,0.1577,0.1612,0.1576,0.16,3101932.9
2026-01-14 01:00:00,0.1599,0.1603,0.159,0.1591,1349707.0
2026-01-14 01:15:00,0.1591,0.16,0.1587,0.1596,1257852.0
2026-01-14 01:30:00,0.1595,0.16,0.1584,0.1589,1280915.3
2026-01-14 01:45:00,0.1589,0.1594,0.1585,0.1593,745281.1
2026-01-14 02:00:00,0.1593,0.1596,0.1584,0.1593,1308009.8
2026-01-14 02:15:00,0.1593,0.1593,0.1584,0.1588,436320.2
2026-01-14 02:30:00,0.1588,0.1588,0.1576,0.1587,686947.6
2026-01-14 02:45:00,0.1587,0.159,0.1574,0.1579,1551073.1
2026-01-14 03:00:00,0.1579,0.1588,0.1578,0.1581,924965.5
2026-01-14 03:15:00,0.1581,0.1582,0.1576,0.158,864574.5
2026-01-14 03:30:00,0.158,0.1588,0.1579,0.1581,855592.2
2026-01-14 03:45:00,0.1581,0.1585,0.158,0.1583,401515.0
2026-01-14 04:00:00,0.1583,0.1584,0.157,0.1572,1023539.7
2026-01-14 04:15:00,0.1572,0.159,0.1572,0.1584,1329313.2
2026-01-14 04:30:00,0.1584,0.1588,0.158,0.1583,707533.2
2026-01-14 04:45:00,0.1583,0.16,0.1581,0.1592,1769376.2
2026-01-14 05:00:00,0.1592,0.1592,0.1584,0.1586,637967.5
2026-01-14 05:15:00,0.1587,0.1592,0.1584,0.1586,393844.1
2026-01-14 05:30:00,0.1586,0.1602,0.1585,0.16,1465730.7
2026-01-14 05:45:00,0.1601,0.1658,0.16,0.1649,6400931.7
2026-01-14 06:00:00,0.1649,0.1669,0.1622,0.1658,5174547.3
2026-01-14 06:15:00,0.1658,0.1676,0.1651,0.1662,4701379.3
2026-01-14 06:30:00,0.1663,0.1665,0.163,0.1633,2970937.0
2026-01-14 06:45:00,0.1634,0.1639,0.1619,0.1625,2467330.2
2026-01-14 07:00:00,0.1625,0.1625,0.1614,0.1622,1639167.7
2026-01-14 07:15:00,0.1622,0.1629,0.1617,0.162,1047309.0
2026-01-14 07:30:00,0.1621,0.1635,0.1616,0.1631,1249244.9
2026-01-14 07:45:00,0.1631,0.165,0.1629,0.1642,3426532.6
2026-01-14 08:00:00,0.1641,0.1645,0.163,0.1638,1386344.4
2026-01-14 08:15:00,0.1637,0.1648,0.1625,0.1628,1375912.4
2026-01-14 08:30:00,0.1627,0.1633,0.1614,0.162,1848352.4
2026-01-14 08:45:00,0.1619,0.1622,0.1606,0.1607,1015579.2
2026-01-14 09:00:00,0.1607,0.1609,0.1595,0.1596,2896051.6
2026-01-14 09:15:00,0.1596,0.1617,0.1594,0.1614,2417717.8
2026-01-14 09:30:00,0.1614,0.1632,0.1613,0.1617,3207867.7
2026-01-14 09:45:00,0.1617,0.1621,0.1602,0.1612,2214474.0
2026-01-14 10:00:00,0.1613,0.1618,0.1607,0.1614,1343949.7
2026-01-14 10:15:00,0.1613,0.1614,0.1604,0.1611,1415366.5
2026-01-14 10:30:00,0.1611,0.1611,0.1601,0.1606,649613.5
2026-01-14 10:45:00,0.1605,0.1605,0.1588,0.1594,851365.7
2026-01-14 11:00:00,0.1595,0.1602,0.1575,0.158,3440617.3
2026-01-14 11:15:00,0.158,0.1582,0.1568,0.1572,2215051.0
2026-01-14 11:30:00,0.1573,0.1584,0.1571,0.1578,1717755.5
2026-01-14 11:45:00,0.1577,0.1578,0.1572,0.1575,758021.0
2026-01-14 12:00:00,0.1574,0.1583,0.1573,0.1582,759371.9
2026-01-14 12:15:00,0.1582,0.1582,0.1577,0.1578,258881.4
2026-01-14 12:30:00,0.1578,0.1579,0.1569,0.1571,1158830.3
2026-01-14 12:45:00,0.1571,0.1571,0.1559,0.1563,3709105.6
2026-01-14 13:00:00,0.1563,0.1567,0.1556,0.1564,3671392.2
2026-01-14 13:15:00,0.1565,0.157,0.1563,0.1569,630926.7
2026-01-14 13:30:00,0.157,0.157,0.1562,0.1566,1032931.4
2026-01-14 13:45:00,0.1567,0.157,0.1561,0.1562,631051.9
2026-01-14 14:00:00,0.1562,0.1578,0.1561,0.1574,1232653.8
2026-01-14 14:15:00,0.1573,0.1582,0.157,0.1573,669212.7
2026-01-14 14:30:00,0.1573,0.1577,0.1566,0.1576,578837.1
