Date,Cumulative Percentage Returns,Account Balance,Short/Long,Entry Price,Exit Price,PnL,Exit Reason
2025-01-30 13:30:00,-0.766807710019406,99233.1922899806,Short,3260.8576980000003,3273.359952120513,-766.8077100194017,Stop Loss
2025-01-30 15:15:00,0.47344828998060257,100473.4482899806,Short,3270.585752,3250.3039339878374,1240.2560000000028,Take Profit
2025-01-31 12:00:00,-0.4779285881969263,99522.07141180307,Short,3328.68413,3344.5182955801924,-951.3768781775245,Stop Loss
2025-01-31 14:30:00,-1.3742987718928925,98625.70122810711,Short,3359.328,3374.384007282275,-896.3701836959657,Stop Loss
2025-01-31 15:45:00,-2.540196741366686,97459.80325863331,Short,3400.3098019999998,3420.131873468668,-1165.8979694737902,Stop Loss
2025-02-01 19:30:00,-3.543012529582949,96456.98747041705,Long,3208.4915699999997,3192.403939986226,-1002.8157882162574,Stop Loss
2025-02-01 21:45:00,-4.740885067204989,95259.11493279501,Long,3171.554184,3152.5585957070307,-1197.8725376220395,Stop Loss
2025-02-01 23:00:00,-5.893168653522647,94106.83134647735,Long,3138.567588,3120.484988418995,-1152.283586317662,Stop Loss
2025-02-02 03:00:00,-6.800068215850014,93199.93178414999,Long,3116.433162,3102.3017026467983,-906.8995623273718,Stop Loss
2025-02-14 16:15:00,-5.55981221585002,94440.18778414998,Short,2733.783134,2716.8301793267883,1240.2559999999971,Take Profit
2025-02-14 17:45:00,-6.861135296744382,93138.86470325562,Short,2742.2514400000005,2760.0942154624395,-1301.323080894363,Stop Loss
2025-02-16 14:15:00,-7.499567421728716,92500.43257827128,Long,2685.847062,2677.273406764122,-638.4321249843414,Stop Loss
2025-02-16 18:30:00,-8.179845462306227,91820.15453769377,Long,2670.1539239999997,2661.0716886027044,-680.2780405775092,Stop Loss
2025-02-16 21:30:00,-6.940101462306236,93059.89853769376,Long,2666.13312,2682.659732693606,1239.7439999999879,Take Profit
2025-02-17 09:30:00,-7.931489771053006,92068.510228947,Short,2714.05708,2727.510502291917,-991.3883087467653,Stop Loss
2025-02-17 11:00:00,-6.691233771053026,93308.76622894697,Short,2761.54758,2744.4224502230977,1240.2559999999864,Take Profit
2025-02-17 14:15:00,-5.450977771053032,94549.02222894697,Short,2815.9367,2798.4742880610243,1240.2559999999962,Take Profit
2025-02-17 14:45:00,-6.61457071990431,93385.42928009569,Short,2808.148258,2824.485965561689,-1163.5929488512822,Stop Loss
2025-02-18 17:15:00,-8.078461272187065,91921.53872781293,Long,2638.82766,2619.512885597118,-1463.8905522827508,Stop Loss
2025-02-18 18:45:00,-6.838717272187059,93161.28272781294,Long,2623.0245,2639.28389442864,1239.7440000000006,Take Profit
2025-02-20 05:15:00,-5.598461272187065,94401.53872781293,Short,2752.419406,2735.3508825859603,1240.2559999999976,Take Profit
2025-02-20 14:15:00,-6.256150533648921,93743.84946635108,Short,2759.2680360000004,2768.341740783861,-657.68926146185,Stop Loss
2025-02-20 16:00:00,-5.0164065336489445,94983.59346635106,Long,2713.14252,2729.960530801574,1239.743999999972,Take Profit
2025-02-20 19:30:00,-3.776150533648935,96223.84946635106,Short,2764.027084,2746.886578124532,1240.2560000000076,Take Profit
2025-02-21 09:30:00,-2.5358945336489414,97464.10546635106,Short,2793.251238,2775.9295049628154,1240.255999999987,Take Profit
2025-02-21 13:00:00,-3.7462769837533996,96253.7230162466,Short,2795.920704,2812.8413707600266,-1210.382450104458,Stop Loss
2025-02-21 16:15:00,-1.536176895468205,98463.8231045318,Long,2725.314954,2755.4310481022017,2210.100088285188,Take Profit
2025-02-21 17:30:00,-3.7065057145082245,96293.49428549178,Long,2706.351162,2676.9828023933446,-2170.328819040026,Stop Loss
2025-02-21 21:15:00,-5.486972042132082,94513.02795786792,Long,2646.6192180000003,2623.0581360015444,-1780.4663276238514,Stop Loss
2025-02-23 07:30:00,-6.281655615802942,93718.34438419706,Short,2809.1580559999998,2820.3200148147416,-794.6835736708625,Stop Loss
2025-02-24 04:30:00,-7.551332949407384,92448.66705059262,Long,2719.733838,2702.467915962272,-1269.677333604448,Stop Loss
2025-02-24 19:45:00,-6.311588949407364,93688.41105059264,Long,2625.82506,2642.1018143159235,1239.7440000000172,Take Profit
2025-02-24 22:15:00,-4.552469736001629,95447.53026399837,Long,2566.86327,2589.440362482212,1759.1192134057274,Take Profit
2025-02-24 22:45:00,-6.5799282929826886,93420.07170701731,Long,2577.225342,2551.0992541354685,-2027.4585569810565,Stop Loss
2025-02-25 00:00:00,-9.325777605661003,90674.222394339,Long,2514.022704,2479.5070664308196,-2745.8493126783155,Stop Loss
2025-03-05 13:00:00,-8.080481272866747,91919.51872713325,Short,2224.555,2210.703849082004,1245.2963327942632,Take Profit
2025-03-06 14:45:00,-6.817855501735118,93182.14449826488,Long,2215.84308,2229.8319828879585,1262.625771131625,Take Profit
2025-03-09 14:30:00,-5.578111501735111,94421.88849826489,Long,2104.900896,2117.9485872820533,1239.7440000000042,Take Profit
2025-03-14 23:30:00,-4.337855501735103,95662.1444982649,Short,1925.06491,1913.1270434749151,1240.2560000000133,Take Profit
2025-03-16 01:00:00,-3.097599501735109,96902.40049826489,Short,1942.221478,1930.1772187929082,1240.2559999999885,Take Profit
2025-03-17 18:15:00,-4.0850738724213445,95914.92612757866,Short,1931.893544,1941.432020807971,-987.4743706862284,Stop Loss
2025-03-17 20:30:00,-2.844817872421365,97155.18212757864,Short,1944.5710080000001,1932.51217869951,1240.2559999999814,Take Profit
2025-03-19 00:15:00,-3.4993638503075783,96500.63614969242,Short,1933.373248,1939.700656416156,-654.5459778862114,Stop Loss
2025-03-19 10:45:00,-4.4565115557703106,95543.48844422969,Short,1968.9961220000002,1978.419222601187,-957.1477054627393,Stop Loss
2025-03-19 12:15:00,-3.1984865551879196,96801.51344481208,Short,2027.584402,2014.8306426574654,1258.0250005823946,Take Profit
2025-03-19 14:00:00,-4.676430164713515,95323.56983528649,Short,2011.84755,2026.714536149311,-1477.9436095255887,Stop Loss
2025-03-19 15:30:00,-5.945076504415309,94054.92349558469,Short,2032.103498,2044.9936013231645,-1268.646339701795,Stop Loss
2025-03-19 17:30:00,-4.704820504415315,95295.17949558469,Short,2047.9303320000001,2035.2305425907753,1240.255999999992,Take Profit
2025-03-21 12:45:00,-5.650876859672368,94349.12314032763,Long,1952.030328,1942.7966745127055,-946.0563552570513,Stop Loss
2025-03-21 15:30:00,-4.411132859672376,95588.86714032762,Long,1944.0087239999998,1956.059089757633,1239.7439999999965,Take Profit
2025-03-22 21:00:00,-3.170876859672382,96829.12314032762,Short,2003.329254,1990.906048363755,1240.255999999991,Take Profit
2025-03-23 05:00:00,-1.9306208596723735,98069.37914032763,Short,2007.178484,1994.7314082107405,1240.2560000000024,Take Profit
2025-03-24 04:45:00,-2.81135323749925,97188.64676250075,Short,2029.3540480000001,2038.2906370807384,-880.7323778268835,Stop Loss
2025-03-24 06:00:00,-3.6918208962753414,96308.17910372466,Short,2048.470224,2057.4882829109893,-880.4676587760947,Stop Loss
2025-03-24 07:30:00,-4.557987714266478,95442.01228573352,Short,2069.5660040000002,2078.528951001537,-866.1668179911381,Stop Loss
2025-03-24 11:15:00,-5.480952832472976,94519.04716752702,Short,2090.041908,2099.687086883369,-922.9651182064978,Stop Loss
2025-03-26 17:15:00,-6.4469467350195915,93553.05326498041,Long,2015.1929579999999,2005.4596374505854,-965.9939025466197,Stop Loss
2025-03-26 19:00:00,-7.324546754025563,92675.45324597444,Long,1995.078936,1986.32452943924,-877.6000190059764,Stop Loss
2025-04-01 13:30:00,-8.085111102910393,91914.88889708961,Short,1868.1063040000001,1875.210379273747,-760.564348884822,Stop Loss
2025-04-01 18:15:00,-6.843033082285838,93156.96691771416,Short,1915.196884,1903.3027642260747,1242.0780206245618,Take Profit
2025-04-11 21:00:00,-7.701685615346257,92298.31438465374,Short,1571.0457279999998,1577.7906399695046,-858.6525330604198,Stop Loss
2025-04-11 23:00:00,-6.461429615346264,93538.57038465374,Short,1572.445448,1562.6942734922266,1240.255999999993,Take Profit
2025-04-12 13:15:00,-5.221173615346269,94778.82638465373,Short,1619.715992,1609.6716796131302,1240.2559999999935,Take Profit
2025-04-12 13:45:00,-6.50995959087972,93490.04040912028,Short,1624.395056,1634.8625438344934,-1288.7859755334468,Stop Loss
2025-04-12 15:15:00,-8.127480087682473,91872.51991231753,Short,1653.5192299999999,1666.8922362319124,-1617.5204968027545,Stop Loss
2025-04-14 11:15:00,-9.464043857683208,90535.95614231679,Short,1678.644204,1689.8622791289406,-1336.56377000074,Stop Loss
2025-04-15 14:30:00,-7.952343113264752,92047.65688673525,Long,1612.882512,1625.0734904702495,1511.7007444184562,Take Profit
2025-04-15 21:45:00,-6.712599113264761,93287.40088673524,Long,1595.258988,1605.1475517940953,1239.7439999999876,Take Profit
2025-04-16 00:15:00,-5.472855113264755,94527.14488673524,Long,1583.606658,1593.4229922630777,1239.7440000000058,Take Profit
2025-04-16 06:30:00,-4.233111113264764,95766.88888673524,Long,1566.6532679999998,1576.3645129454167,1239.743999999988,Take Profit
2025-04-16 08:15:00,-2.9933671132647723,97006.63288673523,Long,1559.021742,1568.68568125257,1239.7439999999845,Take Profit
2025-04-16 18:00:00,-1.08525015808428,98914.74984191572,Long,1546.0091400000001,1560.7589712644901,1908.1169551804865,Take Profit
2025-04-17 15:00:00,0.15449384191569698,100154.4938419157,Long,1570.223982,1579.9573608017029,1239.7439999999801,Take Profit
2025-04-19 06:00:00,1.3947498419157056,101394.7498419157,Short,1610.947746,1600.9578079616851,1240.256000000003,Take Profit
2025-04-19 16:45:00,2.6350058419156994,102635.0058419157,Short,1610.47784,1600.490815980365,1240.2559999999876,Take Profit
2025-04-19 23:30:00,3.040584956849416,103040.58495684942,Short,1618.956144,1615.6730699999998,405.5791149337236,Time Exit
2025-04-20 08:45:00,2.378756594999824,102378.75659499982,Long,1594.008738,1588.7339370407776,-661.8283618495918,Stop Loss
2025-04-20 11:30:00,1.5733666994580273,101573.36669945803,Long,1574.844906,1568.5030851283107,-805.3898955417999,Stop Loss
2025-04-21 00:30:00,0.7439870244891644,100743.98702448916,Short,1609.268082,1615.9415531939346,-829.3796749688564,Stop Loss
2025-04-21 02:00:00,-0.2542509853552765,99745.74901464472,Short,1628.314272,1636.441497991413,-998.238009844434,Stop Loss
2025-04-22 15:30:00,1.5716319743492642,101571.63197434926,Short,1717.886354,1702.2030568976122,1825.8829597045358,Take Profit
2025-04-22 16:45:00,3.396717584674232,103396.71758467423,Short,1702.669398,1687.1318109128476,1825.0856103249657,Take Profit
2025-04-22 22:30:00,5.008085186299315,105008.08518629931,Short,1753.89915,1739.7682686658611,1611.367601625082,Take Profit
2025-04-22 23:00:00,3.3847002306008798,103384.70023060088,Short,1745.35086,1759.5177416426966,-1623.3849556984296,Stop Loss
2025-04-23 01:45:00,4.824268071524959,104824.26807152496,Short,1775.574814,1762.7945119930544,1439.567840924072,Take Profit
2025-04-23 02:15:00,3.1296627020500893,103129.66270205009,Short,1773.355258,1788.3809447109666,-1694.6053694748748,Stop Loss
2025-04-23 04:45:00,1.5017340650341504,101501.73406503415,Short,1787.49243,1802.041980576231,-1627.9286370159355,Stop Loss
2025-04-28 04:15:00,2.741478065034156,102741.47806503416,Long,1778.95572,1789.9829684006784,1239.7440000000051,Take Profit
2025-05-01 10:30:00,1.9457225116484334,101945.72251164843,Short,1841.321662,1848.6478716905297,-795.7555533857173,Stop Loss
2025-05-01 12:00:00,0.9531077313909483,100953.10773139095,Short,1843.561214,1852.7109445466292,-992.6147802574831,Stop Loss
2025-05-01 13:30:00,2.193363731390957,102193.36373139096,Short,1849.090108,1837.6233824950618,1240.256000000003,Take Profit
2025-05-01 15:45:00,3.4336197313909365,103433.61973139094,Short,1870.515822,1858.916229643348,1240.255999999984,Take Profit
2025-05-02 17:00:00,4.67387573139093,104673.87573139093,Short,1861.4676319999999,1849.924150003031,1240.255999999996,Take Profit
2025-05-03 17:15:00,4.039215918304355,104039.21591830436,Long,1819.0037280000001,1813.2314851699189,-634.6598130865697,Stop Loss
2025-05-04 23:15:00,3.3736242147743325,103373.62421477433,Long,1815.873102,1809.8299516432273,-665.5917035300284,Stop Loss
2025-05-05 01:30:00,2.6483949543421623,102648.39495434216,Long,1804.350798,1797.8079580260312,-725.2292604321767,Stop Loss
2025-05-05 05:45:00,3.888138954342154,103888.13895434215,Long,1796.239176,1807.3735597050547,1239.7439999999965,Take Profit
2025-05-06 11:45:00,3.1060836125549103,103106.08361255491,Long,1775.575044,1768.6320542604783,-782.0553417872476,Stop Loss
2025-05-06 13:15:00,2.2676216647846013,102267.6216647846,Long,1767.063342,1759.6552651421657,-838.461947770314,Stop Loss
2025-05-07 00:00:00,1.2088691618495941,101208.8691618496,Short,1810.747778,1820.3334467107074,-1058.7525029350086,Stop Loss
2025-05-07 01:45:00,2.449125161849588,102449.12516184959,Short,1844.391048,1832.9534626818586,1240.2559999999928,Take Profit
2025-05-08 03:15:00,1.3573812642321137,101357.38126423211,Short,1855.72878,1865.8586828559905,-1091.7438976174765,Stop Loss
2025-05-08 04:45:00,2.597637264232122,102597.63726423212,Short,1905.5088220000002,1893.692228252308,1240.2560000000037,Take Profit
2025-05-08 06:45:00,1.3452440785408981,101345.2440785409,Short,1898.540216,1910.4288101463958,-1252.3931856912204,Stop Loss
2025-05-15 11:30:00,2.584988078540875,102584.98807854087,Long,2549.089716,2564.890809404363,1239.743999999975,Take Profit
2025-05-15 12:30:00,3.8247320785408516,103824.73207854085,Long,2547.7494479999996,2563.542233458306,1239.7439999999795,Take Profit
2025-05-18 06:30:00,5.0649880785408605,105064.98807854086,Short,2512.09748,2496.5192601392255,1240.2560000000021,Take Profit
2025-05-18 09:30:00,6.305244078540855,106305.24407854085,Short,2525.214856,2509.5552916177844,1240.2559999999976,Take Profit
2025-05-18 14:30:00,5.478018340601979,105478.01834060198,Short,2541.6715639999998,2552.1842446756405,-827.2257379388689,Stop Loss
2025-05-18 15:45:00,4.469544866129669,104469.54486612967,Short,2568.43621,2581.3872089432957,-1008.4734744723035,Stop Loss
2025-05-18 17:15:00,5.709800866129663,105709.80086612966,Short,2573.28524,2557.327577706893,1240.256,Take Profit
2025-05-18 19:30:00,3.701757501224085,103701.75750122408,Long,2474.684838,2449.8384656541084,-2008.0433649055822,Stop Loss
2025-05-18 21:15:00,5.700823203659413,105700.82320365941,Long,2397.8694779999996,2421.836971161931,1999.0657024353306,Take Profit
2025-05-19 17:45:00,6.997835675376002,106997.835675376,Short,2527.734352,2511.3418371013477,1297.0124717165916,Take Profit
2025-05-21 16:45:00,8.261634601797311,108261.63460179731,Short,2613.867122,2597.3501096870423,1263.7989264213127,Take Profit
2025-05-21 17:30:00,10.407285423195848,110407.28542319585,Long,2478.9256859999996,2505.520230671759,2145.6508213985403,Take Profit
2025-05-21 19:30:00,12.863384114870918,112863.38411487092,Long,2473.284558,2503.6577128352196,2456.0986916750726,Take Profit
2025-05-23 02:30:00,14.103640114870897,114103.6401148709,Short,2721.70555,2704.8274918068964,1240.2559999999778,Take Profit
2025-05-23 04:15:00,15.343896114870907,115343.8961148709,Short,2721.125666,2704.2512038299474,1240.2560000000042,Take Profit
2025-05-23 12:00:00,13.582033955571882,113582.03395557188,Long,2567.303358,2544.6871848104925,-1761.8621592990307,Stop Loss
2025-05-23 13:30:00,15.156512619597285,115156.51261959728,Long,2550.7700520000003,2570.850717118545,1574.478664025404,Take Profit
2025-05-24 22:30:00,14.41483743337162,114414.83743337162,Long,2534.996898,2525.596176517972,-741.6751862256579,Stop Loss
2025-05-25 00:30:00,13.633081539506966,113633.08153950697,Long,2526.4151819999997,2516.5399822056115,-781.7558938646538,Stop Loss
2025-05-25 03:00:00,14.872825539506973,114872.82553950697,Long,2496.209142,2511.6824435326985,1239.744000000006,Take Profit
2025-05-25 09:45:00,16.112569539506964,116112.56953950696,Long,2478.305562,2493.6678842532806,1239.7439999999951,Take Profit
2025-05-26 02:00:00,17.352825539506927,117352.82553950693,Short,2571.18566,2555.2410177903557,1240.2559999999664,Take Profit
2025-05-26 07:00:00,16.740171683747775,116740.17168374777,Short,2582.293438,2590.2036981574615,-612.6538557591595,Stop Loss
2025-05-27 06:45:00,17.98042768374778,117980.42768374778,Short,2599.889918,2583.7672726493047,1240.2560000000096,Take Profit
2025-05-27 08:00:00,16.836442749593523,116836.44274959352,Short,2607.068482,2621.980717328582,-1143.9849341542558,Stop Loss
2025-05-27 11:30:00,15.78981584666838,115789.81584666838,Short,2636.062682,2649.8575526038912,-1046.6269029251416,Stop Loss
2025-05-27 18:30:00,17.030071846668392,117030.07184666839,Short,2699.26004,2682.521172699149,1240.2560000000092,Take Profit
2025-05-29 00:15:00,16.102055953773597,116102.0559537736,Short,2677.2644400000004,2689.687159749011,-928.0158928947944,Stop Loss
2025-05-29 02:15:00,15.01526999350333,115015.26999350333,Short,2707.4584,2722.170538885679,-1086.7859602702665,Stop Loss
2025-05-29 04:15:00,16.255525993503326,116255.52599350332,Short,2761.437602,2744.3131542274696,1240.2559999999885,Take Profit
2025-05-30 01:00:00,17.495269993503314,117495.26999350332,Long,2574.0146999999997,2589.9702964011835,1239.7439999999856,Take Profit
2025-05-30 18:15:00,18.735013993503323,118735.01399350332,Long,2553.220542,2569.0472412381064,1239.744000000009,Take Profit
2025-05-30 22:45:00,19.974757993503342,119974.75799350334,Long,2525.314962,2540.9686823612487,1239.744000000014,Take Profit
2025-05-30 23:15:00,18.74348978712353,118743.48978712353,Long,2527.85547,2512.2931296473284,-1231.2682063798154,Stop Loss
2025-06-03 00:15:00,17.811924291750923,117811.92429175093,Short,2606.4885980000004,2618.629172209895,-931.5654953726036,Stop Loss
2025-06-03 01:45:00,16.928834313778395,116928.8343137784,Short,2637.582378,2649.2284908204438,-883.0899779725253,Stop Loss
2025-06-05 14:45:00,18.16857831377839,118168.57831377839,Long,2583.0164999999997,2599.0278960388796,1239.7439999999897,Take Profit
2025-06-05 18:30:00,19.408322313778378,119408.32231377838,Long,2565.4029779999996,2581.3051927477877,1239.7439999999951,Take Profit
2025-06-05 20:00:00,17.93881386214998,117938.81386214998,Long,2540.718042,2522.050008820381,-1469.5084516283969,Stop Loss
2025-06-07 16:00:00,17.347902928870145,117347.90292887014,Short,2516.9965,2524.4331037543857,-590.9109332798427,Stop Loss
2025-06-07 22:45:00,16.813569477717643,116813.56947771764,Short,2535.29284,2542.066298864397,-534.3334511524965,Stop Loss
2025-06-08 21:45:00,16.287312334685733,116287.31233468573,Short,2536.8125360000004,2543.487614588015,-526.2571430319089,Stop Loss
2025-06-09 21:15:00,15.327363612919873,115327.36361291987,Short,2618.666162,2631.235088174717,-959.9487217658586,Stop Loss
2025-06-09 23:30:00,14.233234769444097,114233.2347694441,Short,2660.5377860000003,2675.092641654099,-1094.1288434757753,Stop Loss
2025-06-10 02:00:00,15.473490769444076,115473.49076944408,Short,2710.3478219999997,2693.540196258388,1240.255999999981,Take Profit
2025-06-12 14:00:00,16.713234769444053,116713.23476944405,Long,2739.257742,2756.2376337504897,1239.7439999999806,Take Profit
2025-06-16 05:30:00,15.951558121943643,115951.55812194364,Short,2596.2806400000004,2606.1682716692276,-761.6766475004162,Stop Loss
2025-06-16 07:00:00,15.199758740332006,115199.758740332,Short,2613.9771,2623.803031836635,-751.7993816116397,Stop Loss
2025-06-16 10:45:00,16.44001474033199,116440.01474033199,Short,2628.07428,2611.7768555289217,1240.2559999999773,Take Profit
2025-06-16 21:15:00,17.68027074033198,117680.27074033198,Short,2670.605772,2654.0445978382118,1240.2559999999978,Take Profit
2025-06-16 22:45:00,19.06618333638212,119066.18333638212,Long,2557.781454,2575.50576167521,1385.912596050138,Take Profit
2025-06-17 00:15:00,20.69457646476224,120694.57646476224,Long,2544.678834,2565.3975216360996,1628.3931283801242,Take Profit
2025-06-20 08:30:00,21.934832464762266,121934.83246476226,Short,2564.906916,2549.001210039947,1240.2560000000194,Take Profit
2025-06-27 19:00:00,23.17457646476227,123174.57646476227,Long,2392.558416,2407.3892157044274,1239.744000000006,Take Profit
2025-06-28 16:00:00,22.79237624858448,122792.37624858448,Short,2435.6027820000004,2440.2572215490186,-382.20021617779594,Stop Loss
2025-06-28 17:45:00,22.3530788944113,122353.0788944113,Short,2437.742354,2443.0968228313404,-439.29735417317653,Stop Loss
2025-06-29 09:15:00,22.010230342759634,122010.23034275963,Short,2445.940714,2450.1336501561036,-342.84855165167096,Stop Loss
2025-06-29 11:45:00,21.4597283122247,121459.7283122247,Short,2454.219058,2460.974320874033,-550.5020305349387,Stop Loss
2025-06-29 22:30:00,20.511969145715483,120511.96914571548,Short,2478.414218,2490.1589169675813,-947.7591665092176,Stop Loss
2025-06-30 00:15:00,19.375630823841767,119375.63082384177,Short,2499.490002,2513.691333372064,-1136.3383218737142,Stop Loss
2025-06-30 02:45:00,20.615886823841777,120615.88682384178,Short,2516.426614,2500.821547967134,1240.256000000009,Take Profit
2025-07-01 20:00:00,19.824981770552796,119824.9817705528,Long,2410.622028,2401.089162282425,-790.9050532889781,Stop Loss
2025-07-01 23:45:00,21.06472577055279,121064.72577055279,Long,2390.2179479999995,2405.034239798626,1239.7439999999935,Take Profit
2025-07-02 16:00:00,20.04165954613387,120041.65954613387,Short,2491.2016599999997,2503.9449813828114,-1023.0662244189177,Stop Loss
2025-07-02 17:15:00,18.87826599137277,118878.26599137277,Short,2563.647168,2578.5598209596637,-1163.3935547611031,Stop Loss
2025-07-02 19:15:00,17.756185543780447,117756.18554378045,Short,2571.065684,2585.49039666746,-1122.0804475923278,Stop Loss
2025-07-02 22:30:00,16.699481334681828,116699.48133468183,Short,2599.08008,2612.812374301602,-1056.7042090986279,Stop Loss
2025-07-04 16:15:00,15.805310617444817,115805.31061744482,Long,2485.2469499999997,2474.135774761037,-894.1707172370067,Stop Loss
2025-07-04 18:15:00,15.013662003888427,115013.66200388843,Long,2491.4481899999996,2481.5864324731942,-791.6486135563894,Stop Loss
2025-07-04 20:15:00,16.253406003888436,116253.40600388843,Long,2475.164934,2490.5077883796844,1239.743999999999,Take Profit
2025-07-05 19:00:00,15.719464233296604,115719.4642332966,Long,2496.559212,2489.894125769787,-533.9417705918278,Stop Loss
2025-07-06 13:30:00,15.248403286637114,115248.40328663711,Short,2534.39302,2540.362287876042,-471.0609466594938,Stop Loss
2025-07-06 18:15:00,16.488659286637105,116488.6592866371,Short,2552.429412,2536.6010825359526,1240.2559999999976,Take Profit
2025-07-06 23:00:00,17.728915286637115,117728.91528663712,Short,2595.5107940000003,2579.415304823384,1240.256000000007,Take Profit
2025-07-22 10:45:00,18.96865928663712,118968.65928663712,Long,3673.494552,3696.2655161493735,1239.7439999999988,Take Profit
2025-07-23 22:00:00,20.22381681529696,120223.81681529696,Long,3581.1660899999997,3603.640727896224,1255.1575286598377,Take Profit
2025-07-27 05:15:00,19.553337691661525,119553.33769166152,Short,3783.963056,3796.6483971682787,-670.4791236354336,Stop Loss
2025-07-27 10:45:00,18.820169021250898,118820.1690212509,Short,3819.715904,3833.71838415341,-733.1686704106272,Stop Loss
2025-07-27 12:00:00,17.993673050276776,117993.67305027678,Short,3814.4969480000004,3830.260279794076,-826.4959709741197,Stop Loss
2025-07-27 16:30:00,17.29841469728676,117298.41469728676,Short,3835.242798,3848.5752209552716,-695.2583529900076,Stop Loss
2025-07-27 18:15:00,16.508676863139073,116508.67686313907,Short,3845.440758,3860.625208277831,-789.737834147688,Stop Loss
2025-07-29 10:15:00,17.748932863139068,117748.93286313907,Short,3873.385168,3849.365222025385,1240.2559999999971,Take Profit
2025-07-30 19:00:00,16.384482606008255,116384.48260600826,Long,3739.1176739999996,3713.6084736413413,-1364.4502571308105,Stop Loss
2025-07-31 02:30:00,15.523005466862683,115523.00546686268,Short,3842.121422,3858.6709208543725,-861.4771391455706,Stop Loss
2025-08-01 00:15:00,16.76274946686269,116762.74946686269,Long,3659.691792,3682.3771967049065,1239.7440000000104,Take Profit
2025-08-03 23:00:00,16.08150309898016,116081.50309898016,Short,3496.7405120000003,3508.651220866139,-681.2463678825316,Stop Loss
2025-08-04 00:15:00,15.409783723200366,115409.78372320037,Short,3499.2300139999998,3510.9825170035697,-671.7193757797901,Stop Loss
2025-08-04 07:30:00,14.62879802290011,114628.79802290011,Short,3538.972064,3552.7914968787304,-780.9857003002535,Stop Loss
2025-08-04 16:30:00,13.613242743322859,113613.24274332286,Short,3665.946664,3684.561521446369,-1015.5552795772542,Stop Loss
2025-08-04 20:30:00,12.526119266728127,112526.11926672813,Short,3679.5639400000005,3699.5646417140274,-1087.1234765947263,Stop Loss
2025-08-06 18:00:00,11.606199754486923,111606.19975448692,Short,3681.583536,3698.517338653562,-919.9195122412127,Stop Loss
2025-08-07 10:00:00,10.969984378818044,110969.98437881804,Short,3726.214608,3738.067983133258,-636.2153756688799,Stop Loss
2025-08-07 11:30:00,10.009963602415969,110009.96360241597,Short,3810.4877500000002,3828.7784870411283,-960.0207764020796,Stop Loss
2025-08-18 03:30:00,8.448642774294015,108448.64277429401,Long,4321.254078,4287.519758022058,-1561.3208281219513,Stop Loss
2025-08-22 03:15:00,9.688898774294037,109688.89877429404,Short,4307.808266,4281.094340756219,1240.256000000023,Take Profit
2025-08-22 14:15:00,12.03235409569218,112032.35409569218,Short,4595.040808,4541.199443832254,2343.4553213981458,Take Profit
2025-08-22 16:00:00,9.185187165135561,109185.18716513556,Short,4604.148986,4669.692889681475,-2847.166930556624,Stop Loss
2025-08-25 19:30:00,8.05680047454429,108056.80047454429,Long,4525.064832,4499.534717347543,-1128.3866905912691,Stop Loss
2025-08-27 19:30:00,9.296544474544266,109296.54447454427,Long,4546.279074,4574.460185021585,1239.7439999999838,Take Profit
2025-08-27 22:30:00,10.536288474544229,110536.28847454423,Long,4501.060031999999,4528.960842841558,1239.7439999999658,Take Profit
2025-08-28 17:30:00,11.776032474544234,111776.03247454423,Long,4466.003022,4493.686524252532,1239.7440000000063,Take Profit
2025-08-29 07:45:00,10.719182049468742,110719.18204946874,Long,4395.919008,4372.689863638989,-1056.8504250754886,Stop Loss
2025-08-29 10:15:00,11.958926049468719,111958.92604946872,Long,4335.376902,4362.250689509965,1239.7439999999815,Take Profit
2025-08-29 14:30:00,13.34862388350202,113348.62388350202,Long,4289.097648,4318.9003965569145,1389.6978340332994,Take Profit
2025-08-29 15:00:00,14.80915672006889,114809.15672006889,Long,4283.346498,4314.626339053613,1460.5328365668624,Take Profit
2025-08-31 00:45:00,14.199266054745108,114199.26605474511,Short,4416.71648,4430.185050762669,-609.8906653237839,Stop Loss
2025-08-31 03:45:00,13.42116482715735,113421.16482715735,Short,4455.6087,4472.943272995603,-778.1012275877634,Stop Loss
2025-08-31 23:30:00,12.689328538371775,112689.32853837177,Long,4408.871598,4392.7387368599375,-731.8362887855749,Stop Loss
2025-09-01 18:30:00,13.929072538371765,113929.07253837177,Long,4319.873802,4346.651490133933,1239.7439999999901,Take Profit
2025-09-01 21:30:00,12.87669822848741,112876.69822848741,Long,4272.874404,4250.39108773934,-1052.374309884354,Stop Loss
2025-09-03 13:45:00,11.90778162359589,111907.78162359589,Short,4419.1060019999995,4440.514727920568,-968.9166048915263,Stop Loss
2025-09-03 20:45:00,11.94466644481379,111944.66644481379,Short,4466.216578,4465.3929,36.884821217899535,Time Exit
2025-09-04 18:15:00,10.77375202115564,110773.75202115564,Long,4307.571342,4282.352354923579,-1170.9144236581467,Stop Loss
2025-09-05 18:30:00,12.189910120379222,112189.91012037922,Long,4274.474724,4304.741384001595,1416.1580992235847,Take Profit
2025-09-06 15:45:00,11.725226219615172,111725.22621961517,Long,4273.80459,4263.874749060077,-464.68390076405166,Stop Loss
2025-09-07 19:45:00,12.371469570841102,112371.4695708411,Long,4278.795588,4292.621303999999,646.2433512259374,Mean Reversion
2025-09-07 23:45:00,13.611725570841097,113611.7255708411,Short,4327.054416,4300.2211399911475,1240.2559999999967,Take Profit
2025-09-08 11:15:00,14.851981570841074,114851.98157084108,Short,4331.88345,4305.020227799185,1240.2559999999755,Take Profit
2025-09-08 13:30:00,16.092237570841096,116092.2375708411,Short,4358.048216,4331.022738759083,1240.2560000000283,Take Profit
2025-09-08 15:15:00,15.226654876073603,115226.6548760736,Short,4361.67749,4380.554452777505,-865.5826947674923,Stop Loss
2025-09-09 07:45:00,16.466910876073598,116466.9108760736,Short,4374.105004,4346.979954120795,1240.2559999999996,Take Profit
2025-09-10 13:00:00,15.83371822817938,115833.71822817938,Short,4377.744276,4391.6040534496215,-633.1926478942237,Stop Loss
2025-09-10 14:45:00,17.07397422817936,117073.97422817936,Short,4434.722878,4407.221919711116,1240.2559999999776,Take Profit
2025-09-10 16:00:00,18.31423022817937,118314.23022817937,Short,4422.405342,4394.980768200762,1240.2560000000021,Take Profit
2025-09-16 13:45:00,17.618546095706407,117618.5460957064,Long,4456.19106,4440.690552941451,-695.6841324729634,Stop Loss
2025-09-16 15:45:00,18.85829009570637,118858.29009570637,Long,4447.5993419999995,4475.168764993241,1239.7439999999651,Take Profit
2025-09-17 18:00:00,20.09803409570636,120098.03409570636,Long,4434.656754000001,4462.145949514155,1239.7439999999938,Take Profit
2025-09-17 22:45:00,19.110905300412444,119110.90530041244,Short,4574.264964,4596.841907316342,-987.1287952939097,Stop Loss
2025-09-19 04:00:00,18.402147395399123,118402.14739539912,Long,4554.3506879999995,4538.211027738385,-708.7579050133153,Stop Loss
2025-09-19 07:00:00,17.76003725527221,117760.03725527221,Long,4532.276274,4517.72517123304,-642.1101401269061,Stop Loss
2025-09-19 18:00:00,16.90223368317107,116902.23368317107,Long,4463.8926,4444.746884911221,-857.803572101133,Stop Loss
2025-09-19 21:30:00,18.141977683171106,118141.9776831711,Long,4441.568136,4469.100173235986,1239.744000000028,Take Profit
2025-09-29 02:30:00,19.382233683171098,119382.2336831711,Short,4136.362561999999,4110.71181957152,1240.2559999999892,Take Profit
2025-09-29 14:45:00,18.378511463486312,118378.51146348631,Short,4181.153602,4202.137185871213,-1003.7222196847879,Stop Loss
2025-10-09 02:45:00,17.503501506380186,117503.50150638018,Long,4422.724368,4403.374728702321,-875.0099571061246,Stop Loss
2025-10-13 20:45:00,16.249824124578286,116249.82412457828,Short,4264.606908,4291.339114114178,-1253.677381801894,Stop Loss
2025-10-19 19:00:00,17.490080124578295,117490.0801245783,Short,4010.837672,3985.96534456138,1240.2560000000037,Take Profit
2025-10-20 05:45:00,16.475328372976247,116475.32837297625,Short,4053.58912,4074.156053298975,-1014.7517516020506,Stop Loss
2025-10-21 16:45:00,17.888436527517086,117888.43652751709,Short,4085.352766,4056.487539460947,1413.1081545408385,Take Profit
2025-10-24 04:45:00,17.05294270760768,117052.94270760768,Short,3962.417358,3978.970234072554,-835.4938199094055,Stop Loss
2025-10-24 07:45:00,18.29319870760769,118293.19870760769,Short,3973.40516,3948.764962049395,1240.2560000000074,Take Profit
2025-10-25 21:00:00,19.079813126471795,119079.8131264718,Short,3960.9576500000003,3945.378918,786.6144188641048,Mean Reversion
2025-10-26 10:30:00,20.32006912647179,120320.06912647179,Short,4002.3493700000004,3977.529680898807,1240.2559999999944,Take Profit
2025-10-26 11:30:00,19.682258945976603,119682.2589459766,Short,4000.1998,4012.956640782274,-637.8101804951912,Stop Loss
2025-10-26 12:45:00,18.824180132009612,118824.18013200961,Short,4048.6901000000003,4066.0605759956397,-858.0788139669904,Stop Loss
2025-10-26 16:15:00,20.064436132009607,120064.4361320096,Short,4082.703296,4057.3853097045812,1240.2560000000012,Take Profit
2025-10-28 20:15:00,18.726105047505595,118726.1050475056,Long,4002.7303859999997,3975.945493507637,-1338.3310845040173,Stop Loss
2025-10-28 21:30:00,19.9658490475056,119965.8490475056,Long,3960.9120239999997,3985.4646085814093,1239.7440000000122,Take Profit
2025-11-05 22:15:00,21.206105047505595,121206.1050475056,Short,3437.542354,3416.225191350987,1240.2559999999912,Take Profit
2025-11-09 20:00:00,20.371280350084838,120371.28035008484,Short,3579.284,3594.224373411415,-834.82469742076,Stop Loss
2025-11-11 15:30:00,19.01619966076156,119016.19966076156,Long,3498.679596,3474.974630206655,-1355.0806893232786,Stop Loss
2025-11-11 18:00:00,20.25594366076155,120255.94366076155,Long,3460.501962,3481.952644721888,1239.7439999999845,Take Profit
2025-11-12 13:30:00,19.210301934313932,119210.30193431393,Short,3558.818094,3577.424337479616,-1045.6417264476142,Stop Loss
2025-11-13 17:00:00,17.319642120001603,117319.6421200016,Long,3328.255518,3296.7925232017706,-1890.6598143123322,Stop Loss
2025-11-13 18:30:00,15.30364210387779,115303.64210387779,Long,3236.277126,3203.6554523090144,-2016.0000161238058,Stop Loss
2025-11-24 21:30:00,16.543898103877773,116543.89810387777,Short,2975.6247559999997,2957.1720737131122,1240.2559999999858,Take Profit
2025-11-26 17:45:00,15.099725844893081,115099.72584489308,Short,3013.59716,3035.357927091135,-1444.1722589846895,Stop Loss
2025-11-26 20:00:00,16.33998184489309,116339.98184489309,Short,3033.613156,3014.80087140796,1240.2560000000053,Take Profit
2025-11-29 17:45:00,15.71384177308,115713.84177308,Long,2985.376956,2976.030635291905,-626.1400718130911,Stop Loss
2025-11-30 15:00:00,16.954097773080008,116954.09777308001,Short,3046.220634,3027.3301669067882,1240.2560000000024,Take Profit
2025-12-01 00:00:00,16.20394006286969,116203.94006286969,Long,2991.858252,2980.636424322029,-750.1577102103199,Stop Loss
2025-12-02 16:15:00,17.682782408701488,117682.78240870149,Short,3016.156648,2993.8545471363777,1478.8423458317939,Take Profit
2025-12-02 17:15:00,16.011301128717516,116011.30112871752,Short,2988.622156,3013.5992859334965,-1671.4812799839658,Stop Loss
2025-12-02 20:15:00,17.25155712871751,117251.55712871751,Short,3019.84591,3001.1189999552353,1240.2559999999958,Take Profit
2025-12-07 15:00:00,18.52431009849119,118524.31009849119,Long,2940.5879999999997,2959.301210549404,1272.7529697736823,Take Profit
2025-12-07 15:30:00,19.839362577775713,119839.36257777571,Long,2955.550992,2974.984515298407,1315.0524792845247,Take Profit
2025-12-09 15:30:00,18.50674318470355,118506.74318470355,Short,3154.708932,3175.729063511406,-1332.619393072166,Stop Loss
2025-12-09 17:00:00,16.446268599376257,116446.26859937626,Short,3344.400986,3378.8562521739827,-2060.474585327289,Stop Loss
2025-12-09 19:30:00,17.811025172169366,117811.02517216936,Short,3377.044456,3354.0002379102975,1364.7565727931035,Take Profit
2025-12-12 15:30:00,16.57753709752673,116577.53709752673,Long,3153.4405619999998,3133.991905363393,-1233.4880746426295,Stop Loss
2025-12-14 11:30:00,16.066004237690912,116066.00423769091,Long,3094.408758,3086.4942991925964,-511.53285983581503,Stop Loss
2025-12-15 15:00:00,14.519301583244438,114519.30158324444,Long,3049.3297439999997,3025.747711953363,-1546.7026544464698,Stop Loss
2025-12-21 02:15:00,14.179361583244463,114179.36158324446,Long,2966.413164,2961.3711515451496,-339.9399999999774,Stop Loss
2025-12-21 09:00:00,13.82337003234525,113823.37003234525,Short,2993.4311940000002,2998.759375066311,-355.99155089920947,Stop Loss
2025-12-21 12:30:00,15.063626032345216,115063.62603234522,Short,3001.959488,2983.3434966662558,1240.2559999999708,Take Profit
2025-12-21 13:45:00,14.295042316275678,114295.04231627568,Long,2956.961274,2945.5979125787767,-768.5837160695322,Stop Loss
2025-12-22 00:15:00,13.436456761205903,113436.4567612059,Short,3044.99088,3058.062805924436,-858.5855550697789,Stop Loss
2025-12-22 02:00:00,14.676712761205899,114676.7127612059,Short,3034.393,3015.57587937696,1240.2559999999971,Take Profit
2025-12-22 20:15:00,13.721845412197146,113721.84541219714,Long,2979.005682,2964.7829057087333,-954.8673490087459,Stop Loss
2025-12-23 16:00:00,14.961589412197135,114961.58941219714,Long,2917.793442,2935.880026564794,1239.7439999999879,Take Profit
2025-12-23 18:00:00,16.20133341219714,116201.33341219714,Long,2911.542192,2929.590026816394,1239.7440000000004,Take Profit
2025-12-25 16:45:00,17.44158941219715,117441.58941219715,Short,2965.846712,2947.4546661018085,1240.2560000000133,Take Profit
2025-12-26 01:15:00,18.681333412197144,118681.33341219714,Long,2899.1597159999997,2917.130795314763,1239.743999999985,Take Profit
2025-12-26 03:15:00,19.921589412197136,119921.58941219714,Short,2980.423796,2961.941353522341,1240.2559999999999,Take Profit
2025-12-26 15:00:00,19.03457136795731,119034.57136795731,Long,2917.953474,2905.0120870815485,-887.0180442398221,Stop Loss
2025-12-27 22:15:00,18.694511367957297,118694.5113679573,Short,2945.600762,2950.609166975629,-340.06000000001114,Stop Loss
2025-12-28 04:30:00,19.210179581880205,119210.1795818802,Short,2948.4601900000002,2940.858054,515.6682139229038,Mean Reversion
2025-12-28 15:15:00,18.773028592405215,118773.02859240522,Short,2954.988884,2961.447765572641,-437.1509894749963,Stop Loss
2025-12-29 00:30:00,18.240802996398646,118240.80299639865,Short,2957.518378,2965.3887129071572,-532.2255960065604,Stop Loss
2025-12-29 02:00:00,17.469920815277177,117469.92081527718,Short,2977.074466,2988.5493342885557,-770.8821811214734,Stop Loss
2025-12-29 03:30:00,16.6286021990936,116628.6021990936,Short,3011.887502,3024.557287126416,-841.3186161835716,Stop Loss
2025-12-29 07:00:00,17.86885819909361,117868.8581990936,Short,3046.3906,3027.499078900032,1240.2560000000017,Take Profit
2025-12-30 14:00:00,19.109114199093604,119109.1141990936,Short,2988.322216,2969.7907932083635,1240.2560000000005,Take Profit
2025-12-31 14:00:00,18.697576879526796,118697.5768795268,Short,2999.829914,3006.0026238098194,-411.5373195668106,Stop Loss
2026-01-07 23:15:00,19.937320879526784,119937.32087952679,Long,3152.350344,3171.8908811243596,1239.7439999999958,Take Profit
2026-01-08 07:00:00,19.16476492279138,119164.76492279138,Long,3106.001076,3094.003277835548,-772.5559567354109,Stop Loss
2026-01-08 14:30:00,18.257421326611556,118257.42132661155,Long,3079.695816,3065.724104615853,-907.3435961798284,Stop Loss
2026-01-11 12:15:00,17.917361326611573,117917.36132661157,Short,3105.598756,3110.8792055648264,-340.0599999999833,Stop Loss
2026-01-11 15:00:00,17.514179508737158,117514.17950873716,Short,3124.8349080000003,3131.1342910938247,-403.18181787441915,Stop Loss
2026-01-11 20:00:00,18.754435508737153,118754.43550873715,Short,3135.57276,3116.1281953548673,1240.2559999999928,Take Profit
2026-01-12 02:45:00,17.926024251805387,117926.02425180539,Short,3148.180238,3161.2201777400464,-828.4112569317589,Stop Loss
2026-01-12 07:30:00,19.166280251805365,119166.28025180536,Short,3164.9168900000004,3145.2903541883816,1240.2559999999778,Take Profit
2026-01-13 18:45:00,18.13687207559345,118136.87207559345,Short,3183.773118,3200.1601283943646,-1029.4081762119176,Stop Loss
2026-01-13 20:30:00,19.377128075593454,119377.12807559346,Short,3215.25682,3195.3181121872703,1240.2560000000074,Take Profit
2026-01-13 22:00:00,18.64094244377357,118640.94244377357,Short,3210.8577,3222.6766365227913,-736.1856318198915,Stop Loss
2026-01-14 04:00:00,17.058447305725174,117058.44730572517,Short,3335.792708,3362.1870867097364,-1582.495138048394,Stop Loss
2026-01-16 19:15:00,16.334325222611294,116334.3252226113,Long,3284.746818,3272.854029458241,-724.1220831138817,Stop Loss
2026-01-17 15:15:00,15.99426522261127,115994.26522261127,Short,3314.43698,3320.0725171970944,-340.0600000000263,Stop Loss
2026-01-17 21:30:00,16.6276167093727,116627.6167093727,Short,3322.93528,3312.41235,633.3514867614326,Mean Reversion
2026-01-18 14:30:00,16.188206652220384,116188.20665222038,Short,3337.03246,3344.3640881198385,-439.4100571523101,Stop Loss
2026-01-18 18:15:00,15.76338679437693,115763.38679437693,Short,3344.400986,3351.5048257572203,-424.81985784345517,Stop Loss
2026-01-18 23:45:00,15.058947497445974,115058.94749744597,Long,3311.26212,3299.5992042011653,-704.4392969309567,Stop Loss
2026-01-19 06:15:00,13.608573337206936,113608.57333720694,Long,3212.772426,3189.4738154530055,-1450.3741602390419,Stop Loss
